-- --------------------------------------------------------
-- Host:                         127.0.0.1
-- Versi server:                 8.0.42 - MySQL Community Server - GPL
-- OS Server:                    Win64
-- HeidiSQL Versi:               12.8.0.6908
-- --------------------------------------------------------

/*!40101 SET @OLD_CHARACTER_SET_CLIENT=@@CHARACTER_SET_CLIENT */;
/*!40101 SET NAMES utf8 */;
/*!50503 SET NAMES utf8mb4 */;
/*!40103 SET @OLD_TIME_ZONE=@@TIME_ZONE */;
/*!40103 SET TIME_ZONE='+00:00' */;
/*!40014 SET @OLD_FOREIGN_KEY_CHECKS=@@FOREIGN_KEY_CHECKS, FOREIGN_KEY_CHECKS=0 */;
/*!40101 SET @OLD_SQL_MODE=@@SQL_MODE, SQL_MODE='NO_AUTO_VALUE_ON_ZERO' */;
/*!40111 SET @OLD_SQL_NOTES=@@SQL_NOTES, SQL_NOTES=0 */;


-- Membuang struktur basisdata untuk mdm_portal
CREATE DATABASE IF NOT EXISTS `mdm_portal` /*!40100 DEFAULT CHARACTER SET latin1 */ /*!80016 DEFAULT ENCRYPTION='N' */;
USE `mdm_portal`;

-- membuang struktur untuk table mdm_portal.approval
CREATE TABLE IF NOT EXISTS `approval` (
  `id` int NOT NULL AUTO_INCREMENT,
  `request_id` int NOT NULL,
  `detail_material_id` int DEFAULT NULL,
  `detail_service_id` int DEFAULT NULL,
  `approver_id` int DEFAULT NULL,
  `role` varchar(50) DEFAULT NULL,
  `step` varchar(50) NOT NULL DEFAULT 'MDM_BU',
  `status` varchar(50) DEFAULT NULL,
  `note` text,
  `created_at` datetime NOT NULL DEFAULT CURRENT_TIMESTAMP,
  `updated_at` datetime NOT NULL DEFAULT CURRENT_TIMESTAMP ON UPDATE CURRENT_TIMESTAMP,
  `approved_by` int DEFAULT NULL,
  `approved_at` datetime DEFAULT NULL,
  PRIMARY KEY (`id`),
  KEY `fk_appr_request` (`request_id`),
  KEY `fk_appr_detail_mat` (`detail_material_id`),
  KEY `fk_appr_detail_svc` (`detail_service_id`),
  KEY `fk_appr_user` (`approver_id`),
  CONSTRAINT `fk_appr_detail_mat` FOREIGN KEY (`detail_material_id`) REFERENCES `request_detail_material` (`id`),
  CONSTRAINT `fk_appr_detail_svc` FOREIGN KEY (`detail_service_id`) REFERENCES `request_detail_service` (`id`),
  CONSTRAINT `fk_appr_request` FOREIGN KEY (`request_id`) REFERENCES `request_header` (`id`),
  CONSTRAINT `fk_appr_user` FOREIGN KEY (`approver_id`) REFERENCES `users` (`id`)
) ENGINE=InnoDB AUTO_INCREMENT=546 DEFAULT CHARSET=latin1;

-- Membuang data untuk tabel mdm_portal.approval: ~482 rows (lebih kurang)
INSERT INTO `approval` (`id`, `request_id`, `detail_material_id`, `detail_service_id`, `approver_id`, `role`, `step`, `status`, `note`, `created_at`, `updated_at`, `approved_by`, `approved_at`) VALUES
	(64, 30, 119, NULL, NULL, 'MDM Business Unit', 'MDM Business Unit', 'REJECTED', 'tidak relevan', '2026-04-30 14:44:03', '2026-04-30 14:44:03', 11, '2026-04-30 14:44:03'),
	(65, 30, 120, NULL, NULL, 'MDM Business Unit', 'MDM Business Unit', 'REJECTED', 'sudah ada', '2026-04-30 14:44:15', '2026-04-30 14:44:15', 11, '2026-04-30 14:44:15'),
	(66, 30, 121, NULL, NULL, 'MDM Business Unit', 'MDM Business Unit', 'REJECTED', 'sudah ada', '2026-04-30 14:44:18', '2026-04-30 14:44:18', 11, '2026-04-30 14:44:18'),
	(67, 30, 122, NULL, NULL, 'MDM Business Unit', 'MDM Business Unit', 'REJECTED', 'sudah ada', '2026-04-30 14:44:22', '2026-04-30 14:44:22', 11, '2026-04-30 14:44:22'),
	(68, 31, NULL, NULL, NULL, NULL, 'Request Submitted', 'APPROVED', NULL, '2026-04-30 16:12:29', '2026-04-30 16:12:29', 1, '2026-04-30 16:12:29'),
	(69, 31, NULL, NULL, NULL, 'MDM Business Unit', 'MDM Business Unit', 'REJECTED', 'ga ad item nya!', '2026-05-04 14:27:37', '2026-05-04 14:27:37', 11, '2026-05-04 14:27:37'),
	(70, 29, NULL, NULL, NULL, 'MDM Business Unit', 'MDM Business Unit', 'GENERAL_APPROVED', NULL, '2026-05-04 14:32:15', '2026-05-04 14:32:15', 11, '2026-05-04 14:32:15'),
	(71, 29, NULL, NULL, NULL, 'Direct Manager', 'Direct Manager', 'GENERAL_APPROVED', NULL, '2026-05-04 14:53:21', '2026-05-04 14:53:21', 3, '2026-05-04 14:53:21'),
	(72, 29, NULL, NULL, NULL, 'BPO Local', 'BPO Local', 'REJECTED', '                ga bisa', '2026-05-04 14:55:10', '2026-05-04 14:55:10', 4, '2026-05-04 14:55:10'),
	(73, 28, NULL, NULL, NULL, 'MDM Business Unit', 'MDM Business Unit', 'GENERAL_APPROVED', NULL, '2026-05-04 15:46:36', '2026-05-04 15:46:36', 11, '2026-05-04 15:46:36'),
	(74, 28, NULL, NULL, NULL, 'Direct Manager', 'Direct Manager', 'GENERAL_APPROVED', NULL, '2026-05-04 15:47:23', '2026-05-04 15:47:23', 3, '2026-05-04 15:47:23'),
	(75, 28, NULL, NULL, NULL, 'BPO Local', 'BPO Local', 'GENERAL_APPROVED', NULL, '2026-05-04 15:47:47', '2026-05-04 15:47:47', 4, '2026-05-04 15:47:47'),
	(76, 28, NULL, NULL, NULL, 'MDM Global', 'MDM Global', 'REJECTED', 'sudah ada!', '2026-05-04 17:15:30', '2026-05-04 17:15:30', 5, '2026-05-04 17:15:30'),
	(77, 35, NULL, NULL, NULL, NULL, 'Request Submitted', 'APPROVED', NULL, '2026-05-05 17:02:48', '2026-05-05 17:02:48', 1, '2026-05-05 17:02:48'),
	(78, 36, NULL, NULL, NULL, NULL, 'Request Submitted', 'APPROVED', NULL, '2026-05-05 17:04:58', '2026-05-05 17:04:58', 1, '2026-05-05 17:04:58'),
	(79, 37, NULL, NULL, NULL, NULL, 'Request Submitted', 'APPROVED', NULL, '2026-05-05 17:15:14', '2026-05-05 17:15:14', 1, '2026-05-05 17:15:14'),
	(80, 37, NULL, NULL, NULL, 'MDM Business Unit', 'MDM Business Unit', 'GENERAL_APPROVED', NULL, '2026-05-05 17:31:26', '2026-05-05 17:31:26', 2, '2026-05-05 17:31:26'),
	(81, 37, NULL, NULL, NULL, 'MDM Business Unit', 'Direct Manager', 'GENERAL_APPROVED', NULL, '2026-05-05 17:31:46', '2026-05-05 17:31:46', 2, '2026-05-05 17:31:46'),
	(82, 37, NULL, NULL, NULL, 'BPO Local', 'BPO Local', 'GENERAL_APPROVED', NULL, '2026-05-05 17:32:40', '2026-05-05 17:32:40', 4, '2026-05-05 17:32:40'),
	(83, 37, NULL, NULL, NULL, 'BPO Local', 'MDM Global', 'GENERAL_APPROVED', NULL, '2026-05-05 17:32:45', '2026-05-05 17:32:45', 4, '2026-05-05 17:32:45'),
	(84, 38, NULL, NULL, NULL, NULL, 'Request Submitted', 'APPROVED', NULL, '2026-05-05 17:45:50', '2026-05-05 17:45:50', 1, '2026-05-05 17:45:50'),
	(85, 38, 136, NULL, NULL, 'MDM Business Unit', 'MDM Business Unit', 'APPROVED', NULL, '2026-05-05 17:47:12', '2026-05-05 17:47:12', 2, '2026-05-05 17:47:12'),
	(86, 38, NULL, NULL, NULL, 'MDM Business Unit', 'MDM Business Unit', 'GENERAL_APPROVED', NULL, '2026-05-05 17:47:17', '2026-05-05 17:47:17', 2, '2026-05-05 17:47:17'),
	(87, 38, NULL, NULL, NULL, 'MDM Business Unit', 'Direct Manager', 'GENERAL_APPROVED', NULL, '2026-05-05 17:49:39', '2026-05-05 17:49:39', 2, '2026-05-05 17:49:39'),
	(88, 38, NULL, NULL, NULL, 'MDM Business Unit', 'BPO Local', 'GENERAL_APPROVED', NULL, '2026-05-05 17:49:49', '2026-05-05 17:49:49', 2, '2026-05-05 17:49:49'),
	(89, 36, 133, NULL, NULL, 'MDM Business Unit', 'MDM Business Unit', 'APPROVED', NULL, '2026-05-06 07:51:47', '2026-05-06 07:51:47', 2, '2026-05-06 07:51:47'),
	(90, 36, 134, NULL, NULL, 'MDM Business Unit', 'MDM Business Unit', 'APPROVED', NULL, '2026-05-06 07:51:48', '2026-05-06 07:51:48', 2, '2026-05-06 07:51:48'),
	(91, 36, NULL, NULL, NULL, 'MDM Business Unit', 'MDM Business Unit', 'GENERAL_APPROVED', NULL, '2026-05-06 07:51:53', '2026-05-06 07:51:53', 2, '2026-05-06 07:51:53'),
	(92, 36, NULL, NULL, NULL, 'MDM Business Unit', 'Direct Manager', 'GENERAL_APPROVED', NULL, '2026-05-06 07:52:18', '2026-05-06 07:52:18', 2, '2026-05-06 07:52:18'),
	(93, 35, 126, NULL, NULL, 'MDM Business Unit', 'MDM Business Unit', 'REJECTED', 'sudah ada', '2026-05-06 07:53:14', '2026-05-06 07:53:14', 2, '2026-05-06 07:53:14'),
	(94, 35, 127, NULL, NULL, 'MDM Business Unit', 'MDM Business Unit', 'REJECTED', 'usdah ad', '2026-05-06 07:56:50', '2026-05-06 07:56:50', 2, '2026-05-06 07:56:50'),
	(95, 35, 128, NULL, NULL, 'MDM Business Unit', 'MDM Business Unit', 'REJECTED', 'usdah ad', '2026-05-06 07:56:53', '2026-05-06 07:56:53', 2, '2026-05-06 07:56:53'),
	(96, 35, 129, NULL, NULL, 'MDM Business Unit', 'MDM Business Unit', 'REJECTED', 'usdah ad', '2026-05-06 07:56:56', '2026-05-06 07:56:56', 2, '2026-05-06 07:56:56'),
	(97, 35, 130, NULL, NULL, 'MDM Business Unit', 'MDM Business Unit', 'REJECTED', 'usdah ad', '2026-05-06 07:56:59', '2026-05-06 07:56:59', 2, '2026-05-06 07:56:59'),
	(98, 35, 131, NULL, NULL, 'MDM Business Unit', 'MDM Business Unit', 'APPROVED', NULL, '2026-05-06 07:57:00', '2026-05-06 07:57:00', 2, '2026-05-06 07:57:00'),
	(99, 35, 132, NULL, NULL, 'MDM Business Unit', 'MDM Business Unit', 'APPROVED', NULL, '2026-05-06 07:57:03', '2026-05-06 07:57:03', 2, '2026-05-06 07:57:03'),
	(100, 35, NULL, NULL, NULL, 'MDM Business Unit', 'MDM Business Unit', 'GENERAL_APPROVED', NULL, '2026-05-06 07:57:13', '2026-05-06 07:57:13', 2, '2026-05-06 07:57:13'),
	(101, 35, NULL, NULL, NULL, 'Direct Manager', 'Direct Manager', 'GENERAL_APPROVED', NULL, '2026-05-06 08:03:45', '2026-05-06 08:03:45', 3, '2026-05-06 08:03:45'),
	(102, 36, NULL, NULL, NULL, 'BPO Local', 'BPO Local', 'REJECTED', '                ga ad', '2026-05-06 08:04:15', '2026-05-06 08:04:15', 4, '2026-05-06 08:04:15'),
	(103, 35, NULL, NULL, NULL, 'BPO Local', 'BPO Local', 'GENERAL_APPROVED', NULL, '2026-05-06 08:06:35', '2026-05-06 08:06:35', 4, '2026-05-06 08:06:35'),
	(104, 35, NULL, NULL, NULL, 'MDM Global', 'MDM Global', 'GENERAL_APPROVED', NULL, '2026-05-06 09:05:42', '2026-05-06 09:05:42', 5, '2026-05-06 09:05:42'),
	(105, 38, NULL, NULL, NULL, 'MDM Global', 'MDM Global', 'GENERAL_APPROVED', NULL, '2026-05-07 08:02:44', '2026-05-07 08:02:44', 5, '2026-05-07 08:02:44'),
	(106, 34, 124, NULL, NULL, 'MDM Business Unit', 'MDM Business Unit', 'APPROVED', NULL, '2026-05-07 08:06:27', '2026-05-07 08:06:27', 2, '2026-05-07 08:06:27'),
	(107, 34, 125, NULL, NULL, 'MDM Business Unit', 'MDM Business Unit', 'APPROVED', NULL, '2026-05-07 08:06:28', '2026-05-07 08:06:28', 2, '2026-05-07 08:06:28'),
	(108, 34, NULL, NULL, NULL, 'MDM Business Unit', 'MDM Business Unit', 'GENERAL_APPROVED', NULL, '2026-05-07 08:06:33', '2026-05-07 08:06:33', 2, '2026-05-07 08:06:33'),
	(109, 34, NULL, NULL, NULL, 'Direct Manager', 'Direct Manager', 'GENERAL_APPROVED', NULL, '2026-05-07 08:08:16', '2026-05-07 08:08:16', 3, '2026-05-07 08:08:16'),
	(110, 34, NULL, NULL, NULL, 'Direct Manager', 'BPO Local', 'GENERAL_APPROVED', NULL, '2026-05-07 08:08:20', '2026-05-07 08:08:20', 3, '2026-05-07 08:08:20'),
	(111, 34, NULL, NULL, NULL, 'MDM Global', 'MDM Global', 'GENERAL_APPROVED', NULL, '2026-05-07 08:08:39', '2026-05-07 08:08:39', 5, '2026-05-07 08:08:39'),
	(112, 26, 115, NULL, NULL, 'MDM Business Unit', 'MDM Business Unit', 'APPROVED', NULL, '2026-05-07 08:20:09', '2026-05-07 08:20:09', 2, '2026-05-07 08:20:09'),
	(113, 26, NULL, NULL, NULL, 'MDM Business Unit', 'MDM Business Unit', 'GENERAL_APPROVED', NULL, '2026-05-07 08:20:14', '2026-05-07 08:20:14', 2, '2026-05-07 08:20:14'),
	(114, 26, NULL, NULL, NULL, 'Direct Manager', 'Direct Manager', 'GENERAL_APPROVED', NULL, '2026-05-07 08:20:45', '2026-05-07 08:20:45', 3, '2026-05-07 08:20:45'),
	(115, 26, NULL, NULL, NULL, 'BPO Local', 'BPO Local', 'GENERAL_APPROVED', NULL, '2026-05-07 08:21:00', '2026-05-07 08:21:00', 4, '2026-05-07 08:21:00'),
	(116, 26, NULL, NULL, NULL, 'MDM Global', 'MDM Global', 'GENERAL_APPROVED', NULL, '2026-05-07 08:21:20', '2026-05-07 08:21:20', 5, '2026-05-07 08:21:20'),
	(117, 33, 123, NULL, NULL, 'MDM Business Unit', 'MDM Business Unit', 'APPROVED', NULL, '2026-05-07 08:29:38', '2026-05-07 08:29:38', 2, '2026-05-07 08:29:38'),
	(118, 33, NULL, NULL, NULL, 'MDM Business Unit', 'MDM Business Unit', 'GENERAL_APPROVED', NULL, '2026-05-07 08:29:44', '2026-05-07 08:29:44', 2, '2026-05-07 08:29:44'),
	(119, 32, NULL, NULL, NULL, 'MDM Business Unit', 'MDM Business Unit', 'REJECTED', 'kosong', '2026-05-07 08:29:57', '2026-05-07 08:29:57', 2, '2026-05-07 08:29:57'),
	(120, 27, 116, NULL, NULL, 'MDM Business Unit', 'MDM Business Unit', 'APPROVED', NULL, '2026-05-07 08:30:36', '2026-05-07 08:30:36', 2, '2026-05-07 08:30:36'),
	(121, 27, NULL, NULL, NULL, 'MDM Business Unit', 'MDM Business Unit', 'GENERAL_APPROVED', NULL, '2026-05-07 08:30:43', '2026-05-07 08:30:43', 2, '2026-05-07 08:30:43'),
	(122, 33, NULL, NULL, NULL, 'Direct Manager', 'Direct Manager', 'GENERAL_APPROVED', NULL, '2026-05-07 08:30:59', '2026-05-07 08:30:59', 3, '2026-05-07 08:30:59'),
	(123, 33, NULL, NULL, NULL, 'Direct Manager', 'BPO Local', 'GENERAL_APPROVED', NULL, '2026-05-07 08:31:04', '2026-05-07 08:31:04', 3, '2026-05-07 08:31:04'),
	(124, 27, NULL, NULL, NULL, 'Direct Manager', 'Direct Manager', 'GENERAL_APPROVED', NULL, '2026-05-07 08:31:21', '2026-05-07 08:31:21', 3, '2026-05-07 08:31:21'),
	(125, 27, NULL, NULL, NULL, 'BPO Local', 'BPO Local', 'GENERAL_APPROVED', NULL, '2026-05-07 08:31:51', '2026-05-07 08:31:51', 4, '2026-05-07 08:31:51'),
	(126, 33, NULL, NULL, NULL, 'MDM Global', 'MDM Global', 'GENERAL_APPROVED', NULL, '2026-05-07 08:32:33', '2026-05-07 08:32:33', 5, '2026-05-07 08:32:33'),
	(127, 27, NULL, NULL, NULL, 'MDM Global', 'MDM Global', 'GENERAL_APPROVED', NULL, '2026-05-07 08:37:34', '2026-05-07 08:37:34', 5, '2026-05-07 08:37:34'),
	(128, 39, NULL, NULL, NULL, NULL, 'Request Submitted', 'APPROVED', NULL, '2026-05-07 08:54:47', '2026-05-07 08:54:47', 1, '2026-05-07 08:54:47'),
	(129, 39, 137, NULL, NULL, 'MDM Business Unit', 'MDM Business Unit', 'APPROVED', NULL, '2026-05-07 08:55:06', '2026-05-07 08:55:06', 2, '2026-05-07 08:55:06'),
	(130, 39, NULL, NULL, NULL, 'MDM Business Unit', 'MDM Business Unit', 'GENERAL_APPROVED', NULL, '2026-05-07 08:55:11', '2026-05-07 08:55:11', 2, '2026-05-07 08:55:11'),
	(131, 39, NULL, NULL, NULL, 'Direct Manager', 'Direct Manager', 'GENERAL_APPROVED', NULL, '2026-05-07 08:55:24', '2026-05-07 08:55:24', 3, '2026-05-07 08:55:24'),
	(132, 39, NULL, NULL, NULL, 'BPO Local', 'BPO Local', 'GENERAL_APPROVED', NULL, '2026-05-07 08:55:41', '2026-05-07 08:55:41', 4, '2026-05-07 08:55:41'),
	(133, 39, NULL, NULL, NULL, 'MDM Global', 'MDM Global', 'GENERAL_APPROVED', NULL, '2026-05-07 08:55:54', '2026-05-07 08:55:54', 5, '2026-05-07 08:55:54'),
	(134, 40, NULL, NULL, NULL, NULL, 'Request Submitted', 'APPROVED', NULL, '2026-05-07 09:03:54', '2026-05-07 09:03:54', 1, '2026-05-07 09:03:54'),
	(135, 41, NULL, NULL, NULL, NULL, 'Request Submitted', 'APPROVED', NULL, '2026-05-07 09:04:12', '2026-05-07 09:04:12', 1, '2026-05-07 09:04:12'),
	(136, 41, 139, NULL, NULL, 'MDM Business Unit', 'MDM Business Unit', 'APPROVED', NULL, '2026-05-07 09:04:26', '2026-05-07 09:04:26', 2, '2026-05-07 09:04:26'),
	(137, 41, NULL, NULL, NULL, 'MDM Business Unit', 'MDM Business Unit', 'GENERAL_APPROVED', NULL, '2026-05-07 09:04:31', '2026-05-07 09:04:31', 2, '2026-05-07 09:04:31'),
	(138, 40, 138, NULL, NULL, 'MDM Business Unit', 'MDM Business Unit', 'APPROVED', NULL, '2026-05-07 09:04:39', '2026-05-07 09:04:39', 2, '2026-05-07 09:04:39'),
	(139, 40, NULL, NULL, NULL, 'MDM Business Unit', 'MDM Business Unit', 'GENERAL_APPROVED', NULL, '2026-05-07 09:04:48', '2026-05-07 09:04:48', 2, '2026-05-07 09:04:48'),
	(140, 41, NULL, NULL, NULL, 'Direct Manager', 'Direct Manager', 'GENERAL_APPROVED', NULL, '2026-05-07 09:05:17', '2026-05-07 09:05:17', 3, '2026-05-07 09:05:17'),
	(141, 41, NULL, NULL, NULL, 'Direct Manager', 'BPO Local', 'GENERAL_APPROVED', NULL, '2026-05-07 09:05:22', '2026-05-07 09:05:22', 3, '2026-05-07 09:05:22'),
	(142, 41, NULL, NULL, NULL, 'Direct Manager', 'MDM Global', 'GENERAL_APPROVED', NULL, '2026-05-07 09:05:27', '2026-05-07 09:05:27', 3, '2026-05-07 09:05:27'),
	(143, 40, NULL, NULL, NULL, 'Direct Manager', 'Direct Manager', 'GENERAL_APPROVED', NULL, '2026-05-07 09:05:30', '2026-05-07 09:05:30', 3, '2026-05-07 09:05:30'),
	(144, 40, NULL, NULL, NULL, 'BPO Local', 'BPO Local', 'GENERAL_APPROVED', NULL, '2026-05-07 09:06:04', '2026-05-07 09:06:04', 4, '2026-05-07 09:06:04'),
	(145, 40, NULL, NULL, NULL, 'MDM Global', 'MDM Global', 'GENERAL_APPROVED', NULL, '2026-05-07 09:06:12', '2026-05-07 09:06:12', 5, '2026-05-07 09:06:12'),
	(146, 42, NULL, NULL, NULL, NULL, 'Request Submitted', 'APPROVED', NULL, '2026-05-07 09:16:21', '2026-05-07 09:16:21', 1, '2026-05-07 09:16:21'),
	(147, 43, NULL, NULL, NULL, NULL, 'Request Submitted', 'APPROVED', NULL, '2026-05-07 09:16:38', '2026-05-07 09:16:38', 1, '2026-05-07 09:16:38'),
	(148, 43, 141, NULL, NULL, 'MDM Business Unit', 'MDM Business Unit', 'APPROVED', NULL, '2026-05-07 09:16:55', '2026-05-07 09:16:55', 2, '2026-05-07 09:16:55'),
	(149, 43, NULL, NULL, NULL, 'MDM Business Unit', 'MDM Business Unit', 'GENERAL_APPROVED', NULL, '2026-05-07 09:17:06', '2026-05-07 09:17:06', 2, '2026-05-07 09:17:06'),
	(150, 42, 140, NULL, NULL, 'MDM Business Unit', 'MDM Business Unit', 'APPROVED', NULL, '2026-05-07 09:17:14', '2026-05-07 09:17:14', 2, '2026-05-07 09:17:14'),
	(151, 42, NULL, NULL, NULL, 'MDM Business Unit', 'MDM Business Unit', 'GENERAL_APPROVED', NULL, '2026-05-07 09:17:24', '2026-05-07 09:17:24', 2, '2026-05-07 09:17:24'),
	(152, 43, NULL, NULL, NULL, 'Direct Manager', 'Direct Manager', 'GENERAL_APPROVED', NULL, '2026-05-07 09:17:37', '2026-05-07 09:17:37', 3, '2026-05-07 09:17:37'),
	(153, 42, NULL, NULL, NULL, 'Direct Manager', 'Direct Manager', 'GENERAL_APPROVED', NULL, '2026-05-07 09:17:54', '2026-05-07 09:17:54', 3, '2026-05-07 09:17:54'),
	(154, 43, NULL, NULL, NULL, 'BPO Local', 'BPO Local', 'GENERAL_APPROVED', NULL, '2026-05-07 09:18:43', '2026-05-07 09:18:43', 4, '2026-05-07 09:18:43'),
	(155, 42, NULL, NULL, NULL, 'BPO Local', 'BPO Local', 'GENERAL_APPROVED', NULL, '2026-05-07 09:18:54', '2026-05-07 09:18:54', 4, '2026-05-07 09:18:54'),
	(156, 42, NULL, NULL, NULL, 'MDM Global', 'MDM Global', 'GENERAL_APPROVED', NULL, '2026-05-07 09:19:18', '2026-05-07 09:19:18', 5, '2026-05-07 09:19:18'),
	(157, 43, NULL, NULL, NULL, 'MDM Global', 'MDM Global', 'GENERAL_APPROVED', NULL, '2026-05-07 09:39:10', '2026-05-07 09:39:10', 5, '2026-05-07 09:39:10'),
	(158, 44, NULL, NULL, NULL, NULL, 'Request Submitted', 'APPROVED', NULL, '2026-05-07 10:10:56', '2026-05-07 10:10:56', 1, '2026-05-07 10:10:56'),
	(159, 45, NULL, NULL, NULL, NULL, 'Request Submitted', 'APPROVED', NULL, '2026-05-07 10:11:15', '2026-05-07 10:11:15', 1, '2026-05-07 10:11:15'),
	(160, 45, 143, NULL, NULL, 'MDM Business Unit', 'MDM Business Unit', 'APPROVED', NULL, '2026-05-07 10:11:37', '2026-05-07 10:11:37', 2, '2026-05-07 10:11:37'),
	(161, 45, NULL, NULL, NULL, 'MDM Business Unit', 'MDM Business Unit', 'GENERAL_APPROVED', NULL, '2026-05-07 10:11:43', '2026-05-07 10:11:43', 2, '2026-05-07 10:11:43'),
	(162, 44, 142, NULL, NULL, 'MDM Business Unit', 'MDM Business Unit', 'APPROVED', NULL, '2026-05-07 10:11:50', '2026-05-07 10:11:50', 2, '2026-05-07 10:11:50'),
	(163, 44, NULL, NULL, NULL, 'MDM Business Unit', 'MDM Business Unit', 'GENERAL_APPROVED', NULL, '2026-05-07 10:11:55', '2026-05-07 10:11:55', 2, '2026-05-07 10:11:55'),
	(164, 45, NULL, NULL, NULL, 'Direct Manager', 'Direct Manager', 'GENERAL_APPROVED', NULL, '2026-05-07 10:12:08', '2026-05-07 10:12:08', 3, '2026-05-07 10:12:08'),
	(165, 44, NULL, NULL, NULL, 'Direct Manager', 'Direct Manager', 'GENERAL_APPROVED', NULL, '2026-05-07 10:12:16', '2026-05-07 10:12:16', 3, '2026-05-07 10:12:16'),
	(166, 45, NULL, NULL, NULL, 'BPO Local', 'BPO Local', 'GENERAL_APPROVED', NULL, '2026-05-07 10:12:28', '2026-05-07 10:12:28', 4, '2026-05-07 10:12:28'),
	(167, 44, NULL, NULL, NULL, 'BPO Local', 'BPO Local', 'GENERAL_APPROVED', NULL, '2026-05-07 10:12:35', '2026-05-07 10:12:35', 4, '2026-05-07 10:12:35'),
	(168, 44, NULL, NULL, NULL, 'MDM Global', 'MDM Global', 'GENERAL_APPROVED', NULL, '2026-05-07 10:12:44', '2026-05-07 10:12:44', 5, '2026-05-07 10:12:44'),
	(169, 46, NULL, NULL, NULL, NULL, 'Request Submitted', 'APPROVED', NULL, '2026-05-07 10:30:02', '2026-05-07 10:30:02', 1, '2026-05-07 10:30:02'),
	(170, 45, NULL, NULL, NULL, 'MDM Global', 'MDM Global', 'GENERAL_APPROVED', NULL, '2026-05-07 10:30:32', '2026-05-07 10:30:32', 5, '2026-05-07 10:30:32'),
	(171, 46, 144, NULL, NULL, 'MDM Business Unit', 'MDM Business Unit', 'APPROVED', NULL, '2026-05-07 13:18:53', '2026-05-07 13:18:53', 2, '2026-05-07 13:18:53'),
	(172, 46, NULL, NULL, NULL, 'MDM Business Unit', 'MDM Business Unit', 'GENERAL_APPROVED', NULL, '2026-05-07 13:19:06', '2026-05-07 13:19:06', 2, '2026-05-07 13:19:06'),
	(173, 46, NULL, NULL, NULL, 'MDM Business Unit', 'Direct Manager', 'GENERAL_APPROVED', NULL, '2026-05-07 13:19:22', '2026-05-07 13:19:22', 2, '2026-05-07 13:19:22'),
	(174, 46, NULL, NULL, NULL, 'BPO Local', 'BPO Local', 'GENERAL_APPROVED', NULL, '2026-05-07 13:19:53', '2026-05-07 13:19:53', 4, '2026-05-07 13:19:53'),
	(175, 46, NULL, NULL, NULL, 'MDM Global', 'MDM Global', 'GENERAL_APPROVED', NULL, '2026-05-07 13:20:23', '2026-05-07 13:20:23', 5, '2026-05-07 13:20:23'),
	(176, 47, NULL, NULL, NULL, NULL, 'Request Submitted', 'APPROVED', NULL, '2026-05-07 14:48:52', '2026-05-07 14:48:52', 1, '2026-05-07 14:48:52'),
	(177, 48, NULL, NULL, NULL, NULL, 'Request Submitted', 'APPROVED', NULL, '2026-05-07 14:49:17', '2026-05-07 14:49:17', 1, '2026-05-07 14:49:17'),
	(178, 48, 146, NULL, NULL, 'MDM Business Unit', 'MDM Business Unit', 'APPROVED', NULL, '2026-05-07 14:49:34', '2026-05-07 14:49:34', 2, '2026-05-07 14:49:34'),
	(179, 48, NULL, NULL, NULL, 'MDM Business Unit', 'MDM Business Unit', 'GENERAL_APPROVED', NULL, '2026-05-07 14:49:42', '2026-05-07 14:49:42', 2, '2026-05-07 14:49:42'),
	(180, 48, NULL, NULL, NULL, 'MDM Business Unit', 'Direct Manager', 'GENERAL_APPROVED', NULL, '2026-05-07 14:49:48', '2026-05-07 14:49:48', 2, '2026-05-07 14:49:48'),
	(181, 47, 145, NULL, NULL, 'MDM Business Unit', 'MDM Business Unit', 'APPROVED', NULL, '2026-05-07 14:50:13', '2026-05-07 14:50:13', 2, '2026-05-07 14:50:13'),
	(182, 47, NULL, NULL, NULL, 'MDM Business Unit', 'MDM Business Unit', 'GENERAL_APPROVED', NULL, '2026-05-07 14:50:19', '2026-05-07 14:50:19', 2, '2026-05-07 14:50:19'),
	(183, 47, NULL, NULL, NULL, 'MDM Business Unit', 'Direct Manager', 'GENERAL_APPROVED', NULL, '2026-05-07 14:50:26', '2026-05-07 14:50:26', 2, '2026-05-07 14:50:26'),
	(184, 48, NULL, NULL, NULL, 'BPO Local', 'BPO Local', 'GENERAL_APPROVED', NULL, '2026-05-07 14:51:00', '2026-05-07 14:51:00', 4, '2026-05-07 14:51:00'),
	(185, 47, NULL, NULL, NULL, 'BPO Local', 'BPO Local', 'GENERAL_APPROVED', NULL, '2026-05-07 14:51:12', '2026-05-07 14:51:12', 4, '2026-05-07 14:51:12'),
	(186, 47, NULL, NULL, NULL, 'MDM Global', 'MDM Global', 'GENERAL_APPROVED', NULL, '2026-05-07 14:51:34', '2026-05-07 14:51:34', 5, '2026-05-07 14:51:34'),
	(187, 48, NULL, NULL, NULL, 'MDM Global', 'MDM Global', 'GENERAL_APPROVED', NULL, '2026-05-07 14:56:24', '2026-05-07 14:56:24', 5, '2026-05-07 14:56:24'),
	(188, 49, NULL, NULL, NULL, NULL, 'Request Submitted', 'APPROVED', NULL, '2026-05-07 15:16:20', '2026-05-07 15:16:20', 1, '2026-05-07 15:16:20'),
	(189, 49, 147, NULL, NULL, 'MDM Business Unit', 'MDM Business Unit', 'APPROVED', NULL, '2026-05-07 15:16:37', '2026-05-07 15:16:37', 2, '2026-05-07 15:16:37'),
	(190, 49, 148, NULL, NULL, 'MDM Business Unit', 'MDM Business Unit', 'APPROVED', NULL, '2026-05-07 15:16:39', '2026-05-07 15:16:39', 2, '2026-05-07 15:16:39'),
	(191, 49, NULL, NULL, NULL, 'MDM Business Unit', 'MDM Business Unit', 'GENERAL_APPROVED', NULL, '2026-05-07 15:16:47', '2026-05-07 15:16:47', 2, '2026-05-07 15:16:47'),
	(192, 49, NULL, NULL, NULL, 'MDM Business Unit', 'Direct Manager', 'GENERAL_APPROVED', NULL, '2026-05-07 15:16:52', '2026-05-07 15:16:52', 2, '2026-05-07 15:16:52'),
	(193, 49, NULL, NULL, NULL, 'MDM Business Unit', 'BPO Local', 'GENERAL_APPROVED', NULL, '2026-05-07 15:16:57', '2026-05-07 15:16:57', 2, '2026-05-07 15:16:57'),
	(194, 49, NULL, NULL, NULL, 'MDM Global', 'MDM Global', 'GENERAL_APPROVED', NULL, '2026-05-07 15:17:12', '2026-05-07 15:17:12', 5, '2026-05-07 15:17:12'),
	(195, 50, NULL, NULL, NULL, NULL, 'Request Submitted', 'APPROVED', NULL, '2026-05-07 15:28:27', '2026-05-07 15:28:27', 1, '2026-05-07 15:28:27'),
	(196, 50, 149, NULL, NULL, 'MDM Business Unit', 'MDM Business Unit', 'APPROVED', NULL, '2026-05-07 15:28:42', '2026-05-07 15:28:42', 2, '2026-05-07 15:28:42'),
	(197, 50, 150, NULL, NULL, 'MDM Business Unit', 'MDM Business Unit', 'APPROVED', NULL, '2026-05-07 15:28:43', '2026-05-07 15:28:43', 2, '2026-05-07 15:28:43'),
	(198, 50, 155, NULL, NULL, 'MDM Business Unit', 'MDM Business Unit', 'APPROVED', NULL, '2026-05-07 15:28:45', '2026-05-07 15:28:45', 2, '2026-05-07 15:28:45'),
	(199, 50, 156, NULL, NULL, 'MDM Business Unit', 'MDM Business Unit', 'APPROVED', NULL, '2026-05-07 15:28:48', '2026-05-07 15:28:48', 2, '2026-05-07 15:28:48'),
	(200, 50, 152, NULL, NULL, 'MDM Business Unit', 'MDM Business Unit', 'APPROVED', NULL, '2026-05-07 15:28:49', '2026-05-07 15:28:49', 2, '2026-05-07 15:28:49'),
	(201, 50, 151, NULL, NULL, 'MDM Business Unit', 'MDM Business Unit', 'APPROVED', NULL, '2026-05-07 15:28:50', '2026-05-07 15:28:50', 2, '2026-05-07 15:28:50'),
	(202, 50, 153, NULL, NULL, 'MDM Business Unit', 'MDM Business Unit', 'APPROVED', NULL, '2026-05-07 15:28:51', '2026-05-07 15:28:51', 2, '2026-05-07 15:28:51'),
	(203, 50, 154, NULL, NULL, 'MDM Business Unit', 'MDM Business Unit', 'REJECTED', 'TIDAK PERLU', '2026-05-07 15:28:57', '2026-05-07 15:28:57', 2, '2026-05-07 15:28:57'),
	(204, 50, NULL, NULL, NULL, 'MDM Business Unit', 'MDM Business Unit', 'GENERAL_APPROVED', NULL, '2026-05-07 15:29:07', '2026-05-07 15:29:07', 2, '2026-05-07 15:29:07'),
	(205, 50, NULL, NULL, NULL, 'MDM Business Unit', 'Direct Manager', 'GENERAL_APPROVED', NULL, '2026-05-07 15:29:13', '2026-05-07 15:29:13', 2, '2026-05-07 15:29:13'),
	(206, 50, NULL, NULL, NULL, 'MDM Business Unit', 'BPO Local', 'GENERAL_APPROVED', NULL, '2026-05-07 15:29:19', '2026-05-07 15:29:19', 2, '2026-05-07 15:29:19'),
	(207, 50, NULL, NULL, NULL, 'MDM Global', 'MDM Global', 'GENERAL_APPROVED', NULL, '2026-05-07 15:29:35', '2026-05-07 15:29:35', 5, '2026-05-07 15:29:35'),
	(208, 51, NULL, NULL, NULL, NULL, 'Request Submitted', 'APPROVED', NULL, '2026-05-07 15:32:38', '2026-05-07 15:32:38', 1, '2026-05-07 15:32:38'),
	(209, 51, 157, NULL, NULL, 'MDM Business Unit', 'MDM Business Unit', 'APPROVED', NULL, '2026-05-07 15:33:18', '2026-05-07 15:33:18', 2, '2026-05-07 15:33:18'),
	(210, 51, 158, NULL, NULL, 'MDM Business Unit', 'MDM Business Unit', 'APPROVED', NULL, '2026-05-07 15:33:20', '2026-05-07 15:33:20', 2, '2026-05-07 15:33:20'),
	(211, 51, 159, NULL, NULL, 'MDM Business Unit', 'MDM Business Unit', 'APPROVED', NULL, '2026-05-07 15:33:22', '2026-05-07 15:33:22', 2, '2026-05-07 15:33:22'),
	(212, 51, 160, NULL, NULL, 'MDM Business Unit', 'MDM Business Unit', 'APPROVED', NULL, '2026-05-07 15:33:23', '2026-05-07 15:33:23', 2, '2026-05-07 15:33:23'),
	(213, 51, 161, NULL, NULL, 'MDM Business Unit', 'MDM Business Unit', 'APPROVED', NULL, '2026-05-07 15:33:26', '2026-05-07 15:33:26', 2, '2026-05-07 15:33:26'),
	(214, 51, 162, NULL, NULL, 'MDM Business Unit', 'MDM Business Unit', 'REJECTED', 'G MW', '2026-05-07 15:33:30', '2026-05-07 15:33:30', 2, '2026-05-07 15:33:30'),
	(215, 51, NULL, NULL, NULL, 'MDM Business Unit', 'MDM Business Unit', 'GENERAL_APPROVED', NULL, '2026-05-07 15:33:36', '2026-05-07 15:33:36', 2, '2026-05-07 15:33:36'),
	(216, 51, NULL, NULL, NULL, 'Direct Manager', 'Direct Manager', 'GENERAL_APPROVED', NULL, '2026-05-07 15:33:55', '2026-05-07 15:33:55', 3, '2026-05-07 15:33:55'),
	(217, 51, NULL, NULL, NULL, 'BPO Local', 'BPO Local', 'GENERAL_APPROVED', NULL, '2026-05-07 15:34:10', '2026-05-07 15:34:10', 4, '2026-05-07 15:34:10'),
	(218, 51, NULL, NULL, NULL, 'MDM Global', 'MDM Global', 'GENERAL_APPROVED', NULL, '2026-05-07 15:34:26', '2026-05-07 15:34:26', 5, '2026-05-07 15:34:26'),
	(219, 52, NULL, NULL, NULL, NULL, 'Request Submitted', 'APPROVED', NULL, '2026-05-07 16:31:05', '2026-05-07 16:31:05', 1, '2026-05-07 16:31:05'),
	(220, 52, 163, NULL, NULL, 'MDM Business Unit', 'MDM Business Unit', 'APPROVED', NULL, '2026-05-07 16:31:20', '2026-05-07 16:31:20', 2, '2026-05-07 16:31:20'),
	(221, 52, NULL, NULL, NULL, 'MDM Business Unit', 'MDM Business Unit', 'GENERAL_APPROVED', NULL, '2026-05-07 16:31:27', '2026-05-07 16:31:27', 2, '2026-05-07 16:31:27'),
	(222, 52, NULL, NULL, NULL, 'MDM Business Unit', 'Direct Manager', 'GENERAL_APPROVED', NULL, '2026-05-07 16:31:31', '2026-05-07 16:31:31', 2, '2026-05-07 16:31:31'),
	(223, 52, NULL, NULL, NULL, 'BPO Local', 'BPO Local', 'GENERAL_APPROVED', NULL, '2026-05-07 16:31:49', '2026-05-07 16:31:49', 4, '2026-05-07 16:31:49'),
	(224, 52, NULL, NULL, NULL, 'MDM Global', 'MDM Global', 'GENERAL_APPROVED', NULL, '2026-05-07 16:32:04', '2026-05-07 16:32:04', 5, '2026-05-07 16:32:04'),
	(225, 53, NULL, NULL, NULL, NULL, 'Request Submitted', 'APPROVED', NULL, '2026-05-08 09:12:22', '2026-05-08 09:12:22', 1, '2026-05-08 09:12:22'),
	(226, 53, 164, NULL, NULL, 'MDM Business Unit', 'MDM Business Unit', 'APPROVED', NULL, '2026-05-08 09:12:38', '2026-05-08 09:12:38', 2, '2026-05-08 09:12:38'),
	(227, 53, 165, NULL, NULL, 'MDM Business Unit', 'MDM Business Unit', 'APPROVED', NULL, '2026-05-08 09:12:40', '2026-05-08 09:12:40', 2, '2026-05-08 09:12:40'),
	(228, 53, NULL, NULL, NULL, 'MDM Business Unit', 'MDM Business Unit', 'GENERAL_APPROVED', NULL, '2026-05-08 09:12:47', '2026-05-08 09:12:47', 2, '2026-05-08 09:12:47'),
	(229, 53, NULL, NULL, NULL, 'Direct Manager', 'Direct Manager', 'GENERAL_APPROVED', NULL, '2026-05-08 09:13:13', '2026-05-08 09:13:13', 3, '2026-05-08 09:13:13'),
	(230, 53, NULL, NULL, NULL, 'BPO Local', 'BPO Local', 'GENERAL_APPROVED', NULL, '2026-05-08 09:13:36', '2026-05-08 09:13:36', 4, '2026-05-08 09:13:36'),
	(231, 53, NULL, NULL, NULL, 'MDM Global', 'MDM Global', 'GENERAL_APPROVED', NULL, '2026-05-08 09:13:52', '2026-05-08 09:13:52', 5, '2026-05-08 09:13:52'),
	(232, 54, NULL, NULL, NULL, NULL, 'Request Submitted', 'APPROVED', NULL, '2026-05-08 09:16:36', '2026-05-08 09:16:36', 1, '2026-05-08 09:16:36'),
	(233, 55, NULL, NULL, NULL, NULL, 'Request Submitted', 'APPROVED', NULL, '2026-05-08 09:20:37', '2026-05-08 09:20:37', 1, '2026-05-08 09:20:37'),
	(234, 55, 167, NULL, NULL, 'MDM Business Unit', 'MDM Business Unit', 'APPROVED', NULL, '2026-05-08 09:20:59', '2026-05-08 09:20:59', 2, '2026-05-08 09:20:59'),
	(235, 55, NULL, NULL, NULL, 'MDM Business Unit', 'MDM Business Unit', 'GENERAL_APPROVED', NULL, '2026-05-08 09:21:05', '2026-05-08 09:21:05', 2, '2026-05-08 09:21:05'),
	(236, 55, NULL, NULL, NULL, 'Direct Manager', 'Direct Manager', 'GENERAL_APPROVED', NULL, '2026-05-08 09:21:48', '2026-05-08 09:21:48', 3, '2026-05-08 09:21:48'),
	(237, 55, NULL, NULL, NULL, 'BPO Local', 'BPO Local', 'GENERAL_APPROVED', NULL, '2026-05-08 09:22:21', '2026-05-08 09:22:21', 4, '2026-05-08 09:22:21'),
	(238, 55, NULL, NULL, NULL, 'MDM Global', 'MDM Global', 'GENERAL_APPROVED', NULL, '2026-05-08 09:22:42', '2026-05-08 09:22:42', 5, '2026-05-08 09:22:42'),
	(239, 54, 166, NULL, NULL, 'MDM Business Unit', 'MDM Business Unit', 'APPROVED', NULL, '2026-05-08 09:30:11', '2026-05-08 09:30:11', 2, '2026-05-08 09:30:11'),
	(240, 54, NULL, NULL, NULL, 'MDM Business Unit', 'MDM Business Unit', 'GENERAL_APPROVED', NULL, '2026-05-08 09:30:16', '2026-05-08 09:30:16', 2, '2026-05-08 09:30:16'),
	(241, 56, NULL, NULL, NULL, NULL, 'Request Submitted', 'APPROVED', NULL, '2026-05-08 09:30:48', '2026-05-08 09:30:48', 1, '2026-05-08 09:30:48'),
	(242, 57, NULL, NULL, NULL, NULL, 'Request Submitted', 'APPROVED', NULL, '2026-05-08 09:31:09', '2026-05-08 09:31:09', 1, '2026-05-08 09:31:09'),
	(243, 56, 168, NULL, NULL, 'MDM Business Unit', 'MDM Business Unit', 'APPROVED', NULL, '2026-05-08 09:31:27', '2026-05-08 09:31:27', 2, '2026-05-08 09:31:27'),
	(244, 56, NULL, NULL, NULL, 'MDM Business Unit', 'MDM Business Unit', 'GENERAL_APPROVED', NULL, '2026-05-08 09:31:33', '2026-05-08 09:31:33', 2, '2026-05-08 09:31:33'),
	(245, 57, 169, NULL, NULL, 'MDM Business Unit', 'MDM Business Unit', 'APPROVED', NULL, '2026-05-08 09:31:41', '2026-05-08 09:31:41', 2, '2026-05-08 09:31:41'),
	(246, 57, NULL, NULL, NULL, 'MDM Business Unit', 'MDM Business Unit', 'GENERAL_APPROVED', NULL, '2026-05-08 09:31:47', '2026-05-08 09:31:47', 2, '2026-05-08 09:31:47'),
	(247, 54, NULL, NULL, NULL, 'Direct Manager', 'Direct Manager', 'GENERAL_APPROVED', NULL, '2026-05-08 09:32:07', '2026-05-08 09:32:07', 3, '2026-05-08 09:32:07'),
	(248, 56, NULL, NULL, NULL, 'Direct Manager', 'Direct Manager', 'GENERAL_APPROVED', NULL, '2026-05-08 09:32:15', '2026-05-08 09:32:15', 3, '2026-05-08 09:32:15'),
	(249, 57, NULL, NULL, NULL, 'Direct Manager', 'Direct Manager', 'GENERAL_APPROVED', NULL, '2026-05-08 09:32:22', '2026-05-08 09:32:22', 3, '2026-05-08 09:32:22'),
	(250, 54, NULL, NULL, NULL, 'BPO Local', 'BPO Local', 'GENERAL_APPROVED', NULL, '2026-05-08 09:32:45', '2026-05-08 09:32:45', 4, '2026-05-08 09:32:45'),
	(251, 56, NULL, NULL, NULL, 'BPO Local', 'BPO Local', 'GENERAL_APPROVED', NULL, '2026-05-08 09:32:58', '2026-05-08 09:32:58', 4, '2026-05-08 09:32:58'),
	(252, 57, NULL, NULL, NULL, 'BPO Local', 'BPO Local', 'GENERAL_APPROVED', NULL, '2026-05-08 09:33:05', '2026-05-08 09:33:05', 4, '2026-05-08 09:33:05'),
	(253, 54, NULL, NULL, NULL, 'MDM Global', 'MDM Global', 'GENERAL_APPROVED', NULL, '2026-05-08 09:33:18', '2026-05-08 09:33:18', 5, '2026-05-08 09:33:18'),
	(254, 56, NULL, NULL, NULL, 'MDM Global', 'MDM Global', 'GENERAL_APPROVED', NULL, '2026-05-08 09:39:11', '2026-05-08 09:39:11', 5, '2026-05-08 09:39:11'),
	(255, 57, NULL, NULL, NULL, 'MDM Global', 'MDM Global', 'GENERAL_APPROVED', NULL, '2026-05-08 09:45:17', '2026-05-08 09:45:17', 5, '2026-05-08 09:45:17'),
	(256, 58, NULL, NULL, NULL, NULL, 'Request Submitted', 'APPROVED', NULL, '2026-05-08 09:48:13', '2026-05-08 09:48:13', 1, '2026-05-08 09:48:13'),
	(257, 58, 176, NULL, NULL, 'MDM Business Unit', 'MDM Business Unit', 'REJECTED', 'SUDAH ADA!', '2026-05-08 09:49:08', '2026-05-08 09:49:08', 2, '2026-05-08 09:49:08'),
	(258, 58, 175, NULL, NULL, 'MDM Business Unit', 'MDM Business Unit', 'APPROVED', NULL, '2026-05-08 09:49:10', '2026-05-08 09:49:10', 2, '2026-05-08 09:49:10'),
	(259, 58, 171, NULL, NULL, 'MDM Business Unit', 'MDM Business Unit', 'APPROVED', NULL, '2026-05-08 09:49:10', '2026-05-08 09:49:10', 2, '2026-05-08 09:49:10'),
	(260, 58, 170, NULL, NULL, 'MDM Business Unit', 'MDM Business Unit', 'APPROVED', NULL, '2026-05-08 09:49:11', '2026-05-08 09:49:11', 2, '2026-05-08 09:49:11'),
	(261, 58, 172, NULL, NULL, 'MDM Business Unit', 'MDM Business Unit', 'APPROVED', NULL, '2026-05-08 09:49:12', '2026-05-08 09:49:12', 2, '2026-05-08 09:49:12'),
	(262, 58, 173, NULL, NULL, 'MDM Business Unit', 'MDM Business Unit', 'APPROVED', NULL, '2026-05-08 09:49:13', '2026-05-08 09:49:13', 2, '2026-05-08 09:49:13'),
	(263, 58, 174, NULL, NULL, 'MDM Business Unit', 'MDM Business Unit', 'APPROVED', NULL, '2026-05-08 09:49:14', '2026-05-08 09:49:14', 2, '2026-05-08 09:49:14'),
	(264, 58, NULL, NULL, NULL, 'MDM Business Unit', 'MDM Business Unit', 'GENERAL_APPROVED', NULL, '2026-05-08 09:49:19', '2026-05-08 09:49:19', 2, '2026-05-08 09:49:19'),
	(265, 58, NULL, NULL, NULL, 'Direct Manager', 'Direct Manager', 'GENERAL_APPROVED', NULL, '2026-05-08 09:49:45', '2026-05-08 09:49:45', 3, '2026-05-08 09:49:45'),
	(266, 58, NULL, NULL, NULL, 'BPO Local', 'BPO Local', 'GENERAL_APPROVED', NULL, '2026-05-08 09:50:02', '2026-05-08 09:50:02', 4, '2026-05-08 09:50:02'),
	(267, 58, NULL, NULL, NULL, 'MDM Global', 'MDM Global', 'GENERAL_APPROVED', NULL, '2026-05-08 09:50:19', '2026-05-08 09:50:19', 5, '2026-05-08 09:50:19'),
	(268, 59, NULL, NULL, NULL, NULL, 'Request Submitted', 'APPROVED', NULL, '2026-05-08 11:02:00', '2026-05-08 11:02:00', 1, '2026-05-08 11:02:00'),
	(269, 59, 177, NULL, NULL, 'MDM Business Unit', 'MDM Business Unit', 'APPROVED', NULL, '2026-05-08 11:02:16', '2026-05-08 11:02:16', 2, '2026-05-08 11:02:16'),
	(270, 59, NULL, NULL, NULL, 'MDM Business Unit', 'MDM Business Unit', 'GENERAL_APPROVED', NULL, '2026-05-08 11:02:24', '2026-05-08 11:02:24', 2, '2026-05-08 11:02:24'),
	(271, 59, NULL, NULL, NULL, 'Direct Manager', 'Direct Manager', 'GENERAL_APPROVED', NULL, '2026-05-08 11:02:46', '2026-05-08 11:02:46', 3, '2026-05-08 11:02:46'),
	(272, 59, NULL, NULL, NULL, 'BPO Local', 'BPO Local', 'GENERAL_APPROVED', NULL, '2026-05-08 11:03:05', '2026-05-08 11:03:05', 4, '2026-05-08 11:03:05'),
	(273, 59, NULL, NULL, NULL, 'MDM Global', 'MDM Global', 'GENERAL_APPROVED', NULL, '2026-05-08 11:03:32', '2026-05-08 11:03:32', 5, '2026-05-08 11:03:32'),
	(274, 60, NULL, NULL, NULL, NULL, 'Request Submitted', 'APPROVED', NULL, '2026-05-08 13:22:30', '2026-05-08 13:22:30', 1, '2026-05-08 13:22:30'),
	(275, 60, 178, NULL, NULL, 'MDM Business Unit', 'MDM Business Unit', 'APPROVED', NULL, '2026-05-08 13:22:52', '2026-05-08 13:22:52', 2, '2026-05-08 13:22:52'),
	(276, 60, NULL, NULL, NULL, 'MDM Business Unit', 'MDM Business Unit', 'GENERAL_APPROVED', NULL, '2026-05-08 13:22:57', '2026-05-08 13:22:57', 2, '2026-05-08 13:22:57'),
	(277, 60, NULL, NULL, NULL, 'Direct Manager', 'Direct Manager', 'GENERAL_APPROVED', NULL, '2026-05-08 13:23:23', '2026-05-08 13:23:23', 3, '2026-05-08 13:23:23'),
	(278, 60, NULL, NULL, NULL, 'BPO Local', 'BPO Local', 'GENERAL_APPROVED', NULL, '2026-05-08 13:23:50', '2026-05-08 13:23:50', 4, '2026-05-08 13:23:50'),
	(279, 60, NULL, NULL, NULL, 'MDM Global', 'MDM Global', 'GENERAL_APPROVED', NULL, '2026-05-08 13:24:14', '2026-05-08 13:24:14', 5, '2026-05-08 13:24:14'),
	(280, 61, NULL, NULL, NULL, NULL, 'Request Submitted', 'APPROVED', NULL, '2026-05-08 13:25:21', '2026-05-08 13:25:21', 1, '2026-05-08 13:25:21'),
	(281, 61, 179, NULL, NULL, 'MDM Business Unit', 'MDM Business Unit', 'APPROVED', NULL, '2026-05-08 13:25:51', '2026-05-08 13:25:51', 2, '2026-05-08 13:25:51'),
	(282, 61, NULL, NULL, NULL, 'MDM Business Unit', 'MDM Business Unit', 'GENERAL_APPROVED', NULL, '2026-05-08 13:25:58', '2026-05-08 13:25:58', 2, '2026-05-08 13:25:58'),
	(283, 61, NULL, NULL, NULL, 'Direct Manager', 'Direct Manager', 'GENERAL_APPROVED', NULL, '2026-05-08 13:26:11', '2026-05-08 13:26:11', 3, '2026-05-08 13:26:11'),
	(284, 61, NULL, NULL, NULL, 'BPO Local', 'BPO Local', 'GENERAL_APPROVED', NULL, '2026-05-08 13:26:40', '2026-05-08 13:26:40', 4, '2026-05-08 13:26:40'),
	(285, 61, NULL, NULL, NULL, 'MDM Global', 'MDM Global', 'GENERAL_APPROVED', NULL, '2026-05-08 13:27:20', '2026-05-08 13:27:20', 5, '2026-05-08 13:27:20'),
	(286, 62, NULL, NULL, NULL, NULL, 'Request Submitted', 'APPROVED', NULL, '2026-05-08 13:33:05', '2026-05-08 13:33:05', 1, '2026-05-08 13:33:05'),
	(287, 62, 180, NULL, NULL, 'MDM Business Unit', 'MDM Business Unit', 'APPROVED', NULL, '2026-05-08 13:33:20', '2026-05-08 13:33:20', 2, '2026-05-08 13:33:20'),
	(288, 62, NULL, NULL, NULL, 'MDM Business Unit', 'MDM Business Unit', 'GENERAL_APPROVED', NULL, '2026-05-08 13:33:28', '2026-05-08 13:33:28', 2, '2026-05-08 13:33:28'),
	(289, 62, NULL, NULL, NULL, 'MDM Business Unit', 'Direct Manager', 'GENERAL_APPROVED', NULL, '2026-05-08 13:33:33', '2026-05-08 13:33:33', 2, '2026-05-08 13:33:33'),
	(290, 62, NULL, NULL, NULL, 'BPO Local', 'BPO Local', 'GENERAL_APPROVED', NULL, '2026-05-08 13:33:49', '2026-05-08 13:33:49', 4, '2026-05-08 13:33:49'),
	(291, 62, NULL, NULL, NULL, 'MDM Global', 'MDM Global', 'GENERAL_APPROVED', NULL, '2026-05-08 13:34:14', '2026-05-08 13:34:14', 5, '2026-05-08 13:34:14'),
	(292, 63, NULL, NULL, NULL, NULL, 'Request Submitted', 'APPROVED', NULL, '2026-05-08 14:01:00', '2026-05-08 14:01:00', 1, '2026-05-08 14:01:00'),
	(293, 63, 181, NULL, NULL, 'MDM Business Unit', 'MDM Business Unit', 'APPROVED', NULL, '2026-05-08 14:03:02', '2026-05-08 14:03:02', 2, '2026-05-08 14:03:02'),
	(294, 63, NULL, NULL, NULL, 'MDM Business Unit', 'MDM Business Unit', 'GENERAL_APPROVED', NULL, '2026-05-08 14:03:07', '2026-05-08 14:03:07', 2, '2026-05-08 14:03:07'),
	(295, 63, NULL, NULL, NULL, 'Direct Manager', 'Direct Manager', 'GENERAL_APPROVED', NULL, '2026-05-08 14:03:39', '2026-05-08 14:03:39', 3, '2026-05-08 14:03:39'),
	(296, 63, NULL, NULL, NULL, 'BPO Local', 'BPO Local', 'GENERAL_APPROVED', NULL, '2026-05-08 14:04:05', '2026-05-08 14:04:05', 4, '2026-05-08 14:04:05'),
	(297, 63, NULL, NULL, NULL, 'MDM Global', 'MDM Global', 'GENERAL_APPROVED', NULL, '2026-05-08 14:04:25', '2026-05-08 14:04:25', 5, '2026-05-08 14:04:25'),
	(298, 64, NULL, NULL, NULL, NULL, 'Request Submitted', 'APPROVED', NULL, '2026-05-08 14:14:33', '2026-05-08 14:14:33', 1, '2026-05-08 14:14:33'),
	(299, 64, 183, NULL, NULL, 'MDM Business Unit', 'MDM Business Unit', 'APPROVED', NULL, '2026-05-08 14:14:54', '2026-05-08 14:14:54', 2, '2026-05-08 14:14:54'),
	(300, 64, 182, NULL, NULL, 'MDM Business Unit', 'MDM Business Unit', 'APPROVED', NULL, '2026-05-08 14:14:55', '2026-05-08 14:14:55', 2, '2026-05-08 14:14:55'),
	(301, 64, 187, NULL, NULL, 'MDM Business Unit', 'MDM Business Unit', 'APPROVED', NULL, '2026-05-08 14:14:57', '2026-05-08 14:14:57', 2, '2026-05-08 14:14:57'),
	(302, 64, 188, NULL, NULL, 'MDM Business Unit', 'MDM Business Unit', 'APPROVED', NULL, '2026-05-08 14:14:59', '2026-05-08 14:14:59', 2, '2026-05-08 14:14:59'),
	(303, 64, 185, NULL, NULL, 'MDM Business Unit', 'MDM Business Unit', 'APPROVED', NULL, '2026-05-08 14:15:00', '2026-05-08 14:15:00', 2, '2026-05-08 14:15:00'),
	(304, 64, 186, NULL, NULL, 'MDM Business Unit', 'MDM Business Unit', 'APPROVED', NULL, '2026-05-08 14:15:01', '2026-05-08 14:15:01', 2, '2026-05-08 14:15:01'),
	(305, 64, 184, NULL, NULL, 'MDM Business Unit', 'MDM Business Unit', 'APPROVED', NULL, '2026-05-08 14:15:06', '2026-05-08 14:15:06', 2, '2026-05-08 14:15:06'),
	(306, 64, NULL, NULL, NULL, 'MDM Business Unit', 'MDM Business Unit', 'GENERAL_APPROVED', NULL, '2026-05-08 14:15:13', '2026-05-08 14:15:13', 2, '2026-05-08 14:15:13'),
	(307, 64, NULL, NULL, NULL, 'Direct Manager', 'Direct Manager', 'GENERAL_APPROVED', NULL, '2026-05-08 14:17:32', '2026-05-08 14:17:32', 3, '2026-05-08 14:17:32'),
	(308, 64, NULL, NULL, NULL, 'BPO Local', 'BPO Local', 'GENERAL_APPROVED', NULL, '2026-05-08 14:17:49', '2026-05-08 14:17:49', 4, '2026-05-08 14:17:49'),
	(309, 64, NULL, NULL, NULL, 'MDM Global', 'MDM Global', 'GENERAL_APPROVED', NULL, '2026-05-08 14:18:28', '2026-05-08 14:18:28', 5, '2026-05-08 14:18:28'),
	(310, 65, NULL, NULL, NULL, NULL, 'Request Submitted', 'APPROVED', NULL, '2026-05-08 14:38:57', '2026-05-08 14:38:57', 1, '2026-05-08 14:38:57'),
	(311, 65, 189, NULL, NULL, 'MDM Business Unit', 'MDM Business Unit', 'APPROVED', NULL, '2026-05-08 14:39:26', '2026-05-08 14:39:26', 2, '2026-05-08 14:39:26'),
	(312, 65, 190, NULL, NULL, 'MDM Business Unit', 'MDM Business Unit', 'APPROVED', NULL, '2026-05-08 14:39:27', '2026-05-08 14:39:27', 2, '2026-05-08 14:39:27'),
	(313, 65, NULL, NULL, NULL, 'MDM Business Unit', 'MDM Business Unit', 'GENERAL_APPROVED', NULL, '2026-05-08 14:39:38', '2026-05-08 14:39:38', 2, '2026-05-08 14:39:38'),
	(314, 65, NULL, NULL, NULL, 'Direct Manager', 'Direct Manager', 'GENERAL_APPROVED', NULL, '2026-05-08 14:40:21', '2026-05-08 14:40:21', 3, '2026-05-08 14:40:21'),
	(315, 65, NULL, NULL, NULL, 'BPO Local', 'BPO Local', 'GENERAL_APPROVED', NULL, '2026-05-08 14:40:38', '2026-05-08 14:40:38', 4, '2026-05-08 14:40:38'),
	(316, 65, NULL, NULL, NULL, 'MDM Global', 'MDM Global', 'GENERAL_APPROVED', NULL, '2026-05-08 14:40:50', '2026-05-08 14:40:50', 5, '2026-05-08 14:40:50'),
	(317, 66, NULL, NULL, NULL, NULL, 'Request Submitted', 'APPROVED', NULL, '2026-05-08 14:46:13', '2026-05-08 14:46:13', 1, '2026-05-08 14:46:13'),
	(318, 66, 191, NULL, NULL, 'MDM Business Unit', 'MDM Business Unit', 'APPROVED', NULL, '2026-05-08 14:46:32', '2026-05-08 14:46:32', 2, '2026-05-08 14:46:32'),
	(319, 66, 192, NULL, NULL, 'MDM Business Unit', 'MDM Business Unit', 'APPROVED', NULL, '2026-05-08 14:46:33', '2026-05-08 14:46:33', 2, '2026-05-08 14:46:33'),
	(320, 66, 197, NULL, NULL, 'MDM Business Unit', 'MDM Business Unit', 'APPROVED', NULL, '2026-05-08 14:46:34', '2026-05-08 14:46:34', 2, '2026-05-08 14:46:34'),
	(321, 66, 193, NULL, NULL, 'MDM Business Unit', 'MDM Business Unit', 'APPROVED', NULL, '2026-05-08 14:46:35', '2026-05-08 14:46:35', 2, '2026-05-08 14:46:35'),
	(322, 66, 194, NULL, NULL, 'MDM Business Unit', 'MDM Business Unit', 'APPROVED', NULL, '2026-05-08 14:46:36', '2026-05-08 14:46:36', 2, '2026-05-08 14:46:36'),
	(323, 66, 196, NULL, NULL, 'MDM Business Unit', 'MDM Business Unit', 'APPROVED', NULL, '2026-05-08 14:46:37', '2026-05-08 14:46:37', 2, '2026-05-08 14:46:37'),
	(324, 66, 195, NULL, NULL, 'MDM Business Unit', 'MDM Business Unit', 'APPROVED', NULL, '2026-05-08 14:46:38', '2026-05-08 14:46:38', 2, '2026-05-08 14:46:38'),
	(325, 66, NULL, NULL, NULL, 'MDM Business Unit', 'MDM Business Unit', 'GENERAL_APPROVED', NULL, '2026-05-08 14:46:44', '2026-05-08 14:46:44', 2, '2026-05-08 14:46:44'),
	(326, 66, NULL, NULL, NULL, 'Direct Manager', 'Direct Manager', 'GENERAL_APPROVED', NULL, '2026-05-08 14:46:54', '2026-05-08 14:46:54', 3, '2026-05-08 14:46:54'),
	(327, 66, NULL, NULL, NULL, 'BPO Local', 'BPO Local', 'GENERAL_APPROVED', NULL, '2026-05-08 14:47:06', '2026-05-08 14:47:06', 4, '2026-05-08 14:47:06'),
	(328, 66, NULL, NULL, NULL, 'MDM Global', 'MDM Global', 'GENERAL_APPROVED', NULL, '2026-05-08 14:47:14', '2026-05-08 14:47:14', 5, '2026-05-08 14:47:14'),
	(329, 67, NULL, NULL, NULL, NULL, 'Request Submitted', 'APPROVED', NULL, '2026-05-08 15:02:16', '2026-05-08 15:02:16', 1, '2026-05-08 15:02:16'),
	(330, 67, 198, NULL, NULL, 'MDM Business Unit', 'MDM Business Unit', 'APPROVED', NULL, '2026-05-08 15:02:22', '2026-05-08 15:02:22', 2, '2026-05-08 15:02:22'),
	(331, 67, NULL, NULL, NULL, 'MDM Business Unit', 'MDM Business Unit', 'GENERAL_APPROVED', NULL, '2026-05-08 15:02:29', '2026-05-08 15:02:29', 2, '2026-05-08 15:02:29'),
	(332, 67, NULL, NULL, NULL, 'Direct Manager', 'Direct Manager', 'GENERAL_APPROVED', NULL, '2026-05-08 15:02:34', '2026-05-08 15:02:34', 3, '2026-05-08 15:02:34'),
	(333, 67, NULL, NULL, NULL, 'BPO Local', 'BPO Local', 'GENERAL_APPROVED', NULL, '2026-05-08 15:02:38', '2026-05-08 15:02:38', 4, '2026-05-08 15:02:38'),
	(334, 67, NULL, NULL, NULL, 'MDM Global', 'MDM Global', 'GENERAL_APPROVED', NULL, '2026-05-08 15:02:44', '2026-05-08 15:02:44', 5, '2026-05-08 15:02:44'),
	(335, 68, NULL, NULL, NULL, NULL, 'Request Submitted', 'APPROVED', NULL, '2026-05-08 15:08:22', '2026-05-08 15:08:22', 1, '2026-05-08 15:08:22'),
	(336, 68, 199, NULL, NULL, 'MDM Business Unit', 'MDM Business Unit', 'APPROVED', NULL, '2026-05-08 15:08:41', '2026-05-08 15:08:41', 2, '2026-05-08 15:08:41'),
	(337, 68, 200, NULL, NULL, 'MDM Business Unit', 'MDM Business Unit', 'APPROVED', NULL, '2026-05-08 15:08:42', '2026-05-08 15:08:42', 2, '2026-05-08 15:08:42'),
	(338, 68, 202, NULL, NULL, 'MDM Business Unit', 'MDM Business Unit', 'APPROVED', NULL, '2026-05-08 15:08:43', '2026-05-08 15:08:43', 2, '2026-05-08 15:08:43'),
	(339, 68, 201, NULL, NULL, 'MDM Business Unit', 'MDM Business Unit', 'APPROVED', NULL, '2026-05-08 15:08:44', '2026-05-08 15:08:44', 2, '2026-05-08 15:08:44'),
	(340, 68, 204, NULL, NULL, 'MDM Business Unit', 'MDM Business Unit', 'APPROVED', NULL, '2026-05-08 15:08:44', '2026-05-08 15:08:44', 2, '2026-05-08 15:08:44'),
	(341, 68, 203, NULL, NULL, 'MDM Business Unit', 'MDM Business Unit', 'APPROVED', NULL, '2026-05-08 15:08:45', '2026-05-08 15:08:45', 2, '2026-05-08 15:08:45'),
	(342, 68, 205, NULL, NULL, 'MDM Business Unit', 'MDM Business Unit', 'APPROVED', NULL, '2026-05-08 15:08:46', '2026-05-08 15:08:46', 2, '2026-05-08 15:08:46'),
	(343, 68, NULL, NULL, NULL, 'MDM Business Unit', 'MDM Business Unit', 'GENERAL_APPROVED', NULL, '2026-05-08 15:08:51', '2026-05-08 15:08:51', 2, '2026-05-08 15:08:51'),
	(344, 68, NULL, NULL, NULL, 'Direct Manager', 'Direct Manager', 'GENERAL_APPROVED', NULL, '2026-05-08 15:08:56', '2026-05-08 15:08:56', 3, '2026-05-08 15:08:56'),
	(345, 68, NULL, NULL, NULL, 'BPO Local', 'BPO Local', 'GENERAL_APPROVED', NULL, '2026-05-08 15:08:59', '2026-05-08 15:08:59', 4, '2026-05-08 15:08:59'),
	(346, 68, NULL, NULL, NULL, 'MDM Global', 'MDM Global', 'GENERAL_APPROVED', NULL, '2026-05-08 15:09:05', '2026-05-08 15:09:05', 5, '2026-05-08 15:09:05'),
	(347, 69, NULL, NULL, NULL, NULL, 'Request Submitted', 'APPROVED', NULL, '2026-05-08 15:13:39', '2026-05-08 15:13:39', 1, '2026-05-08 15:13:39'),
	(348, 69, 206, NULL, NULL, 'MDM Business Unit', 'MDM Business Unit', 'APPROVED', NULL, '2026-05-08 15:13:57', '2026-05-08 15:13:57', 2, '2026-05-08 15:13:57'),
	(349, 69, 207, NULL, NULL, 'MDM Business Unit', 'MDM Business Unit', 'APPROVED', NULL, '2026-05-08 15:13:57', '2026-05-08 15:13:57', 2, '2026-05-08 15:13:57'),
	(350, 69, NULL, NULL, NULL, 'MDM Business Unit', 'MDM Business Unit', 'GENERAL_APPROVED', NULL, '2026-05-08 15:14:03', '2026-05-08 15:14:03', 2, '2026-05-08 15:14:03'),
	(351, 69, NULL, NULL, NULL, 'Direct Manager', 'Direct Manager', 'GENERAL_APPROVED', NULL, '2026-05-08 15:14:11', '2026-05-08 15:14:11', 3, '2026-05-08 15:14:11'),
	(352, 69, NULL, NULL, NULL, 'BPO Local', 'BPO Local', 'GENERAL_APPROVED', NULL, '2026-05-08 15:14:14', '2026-05-08 15:14:14', 4, '2026-05-08 15:14:14'),
	(353, 69, NULL, NULL, NULL, 'MDM Global', 'MDM Global', 'GENERAL_APPROVED', NULL, '2026-05-08 15:14:21', '2026-05-08 15:14:21', 5, '2026-05-08 15:14:21'),
	(354, 70, NULL, NULL, NULL, NULL, 'Request Submitted', 'APPROVED', NULL, '2026-05-08 15:18:42', '2026-05-08 15:18:42', 1, '2026-05-08 15:18:42'),
	(355, 70, 208, NULL, NULL, 'MDM Business Unit', 'MDM Business Unit', 'APPROVED', NULL, '2026-05-08 15:18:46', '2026-05-08 15:18:46', 2, '2026-05-08 15:18:46'),
	(356, 70, NULL, NULL, NULL, 'MDM Business Unit', 'MDM Business Unit', 'GENERAL_APPROVED', NULL, '2026-05-08 15:19:02', '2026-05-08 15:19:02', 2, '2026-05-08 15:19:02'),
	(357, 70, NULL, NULL, NULL, 'Direct Manager', 'Direct Manager', 'GENERAL_APPROVED', NULL, '2026-05-08 15:19:05', '2026-05-08 15:19:05', 3, '2026-05-08 15:19:05'),
	(358, 70, NULL, NULL, NULL, 'BPO Local', 'BPO Local', 'GENERAL_APPROVED', NULL, '2026-05-08 15:19:08', '2026-05-08 15:19:08', 4, '2026-05-08 15:19:08'),
	(359, 70, NULL, NULL, NULL, 'MDM Global', 'MDM Global', 'GENERAL_APPROVED', NULL, '2026-05-08 15:19:15', '2026-05-08 15:19:15', 5, '2026-05-08 15:19:15'),
	(360, 71, NULL, NULL, NULL, NULL, 'Request Submitted', 'APPROVED', NULL, '2026-05-08 15:32:46', '2026-05-08 15:32:46', 1, '2026-05-08 15:32:46'),
	(361, 71, 209, NULL, NULL, 'MDM Business Unit', 'MDM Business Unit', 'APPROVED', NULL, '2026-05-08 15:32:52', '2026-05-08 15:32:52', 2, '2026-05-08 15:32:52'),
	(362, 71, NULL, NULL, NULL, 'MDM Business Unit', 'MDM Business Unit', 'GENERAL_APPROVED', NULL, '2026-05-08 15:32:56', '2026-05-08 15:32:56', 2, '2026-05-08 15:32:56'),
	(363, 71, NULL, NULL, NULL, 'Direct Manager', 'Direct Manager', 'GENERAL_APPROVED', NULL, '2026-05-08 15:33:01', '2026-05-08 15:33:01', 3, '2026-05-08 15:33:01'),
	(364, 71, NULL, NULL, NULL, 'BPO Local', 'BPO Local', 'GENERAL_APPROVED', NULL, '2026-05-08 15:33:04', '2026-05-08 15:33:04', 4, '2026-05-08 15:33:04'),
	(365, 71, NULL, NULL, NULL, 'MDM Global', 'MDM Global', 'GENERAL_APPROVED', NULL, '2026-05-08 15:33:10', '2026-05-08 15:33:10', 5, '2026-05-08 15:33:10'),
	(366, 72, NULL, NULL, NULL, NULL, 'Request Submitted', 'APPROVED', NULL, '2026-05-08 15:46:58', '2026-05-08 15:46:58', 1, '2026-05-08 15:46:58'),
	(367, 72, 210, NULL, NULL, 'MDM Business Unit', 'MDM Business Unit', 'APPROVED', NULL, '2026-05-08 15:47:04', '2026-05-08 15:47:04', 2, '2026-05-08 15:47:04'),
	(368, 72, NULL, NULL, NULL, 'MDM Business Unit', 'MDM Business Unit', 'GENERAL_APPROVED', NULL, '2026-05-08 15:47:09', '2026-05-08 15:47:09', 2, '2026-05-08 15:47:09'),
	(369, 72, NULL, NULL, NULL, 'Direct Manager', 'Direct Manager', 'GENERAL_APPROVED', NULL, '2026-05-08 15:47:17', '2026-05-08 15:47:17', 3, '2026-05-08 15:47:17'),
	(370, 72, NULL, NULL, NULL, 'BPO Local', 'BPO Local', 'GENERAL_APPROVED', NULL, '2026-05-08 15:47:21', '2026-05-08 15:47:21', 4, '2026-05-08 15:47:21'),
	(371, 72, NULL, NULL, NULL, 'MDM Global', 'MDM Global', 'GENERAL_APPROVED', NULL, '2026-05-08 15:47:27', '2026-05-08 15:47:27', 5, '2026-05-08 15:47:27'),
	(372, 72, NULL, NULL, NULL, 'MDM Global', 'COMPLETED', 'GENERAL_APPROVED', NULL, '2026-05-08 15:57:10', '2026-05-08 15:57:10', 5, '2026-05-08 15:57:10'),
	(373, 72, NULL, NULL, NULL, 'MDM Global', 'COMPLETED', 'GENERAL_APPROVED', NULL, '2026-05-08 16:00:57', '2026-05-08 16:00:57', 5, '2026-05-08 16:00:57'),
	(374, 72, NULL, NULL, NULL, 'MDM Global', 'COMPLETED', 'GENERAL_APPROVED', NULL, '2026-05-08 16:06:38', '2026-05-08 16:06:38', 5, '2026-05-08 16:06:38'),
	(375, 72, NULL, NULL, NULL, 'MDM Global', 'COMPLETED', 'GENERAL_APPROVED', NULL, '2026-05-08 16:08:44', '2026-05-08 16:08:44', 5, '2026-05-08 16:08:44'),
	(376, 72, NULL, NULL, NULL, 'MDM Global', 'COMPLETED', 'GENERAL_APPROVED', NULL, '2026-05-08 16:21:22', '2026-05-08 16:21:22', 5, '2026-05-08 16:21:22'),
	(377, 72, NULL, NULL, NULL, 'MDM Global', 'COMPLETED', 'GENERAL_APPROVED', NULL, '2026-05-08 16:42:10', '2026-05-08 16:42:10', 5, '2026-05-08 16:42:10'),
	(378, 72, NULL, NULL, NULL, 'MDM Global', 'COMPLETED', 'GENERAL_APPROVED', NULL, '2026-05-08 16:48:08', '2026-05-08 16:48:08', 5, '2026-05-08 16:48:08'),
	(379, 72, NULL, NULL, NULL, 'MDM Global', 'COMPLETED', 'GENERAL_APPROVED', NULL, '2026-05-08 16:54:26', '2026-05-08 16:54:26', 5, '2026-05-08 16:54:26'),
	(380, 72, NULL, NULL, NULL, 'MDM Global', 'COMPLETED', 'GENERAL_APPROVED', NULL, '2026-05-08 17:01:22', '2026-05-08 17:01:22', 5, '2026-05-08 17:01:22'),
	(381, 72, NULL, NULL, NULL, 'MDM Global', 'COMPLETED', 'GENERAL_APPROVED', NULL, '2026-05-08 17:10:46', '2026-05-08 17:10:46', 5, '2026-05-08 17:10:46'),
	(382, 74, NULL, NULL, NULL, NULL, 'Request Submitted', 'APPROVED', NULL, '2026-05-08 17:44:44', '2026-05-08 17:44:44', 1, '2026-05-08 17:44:44'),
	(383, 74, 211, NULL, NULL, 'MDM Business Unit', 'MDM Business Unit', 'APPROVED', NULL, '2026-05-08 17:45:42', '2026-05-08 17:45:42', 2, '2026-05-08 17:45:42'),
	(384, 74, 212, NULL, NULL, 'MDM Business Unit', 'MDM Business Unit', 'APPROVED', NULL, '2026-05-08 17:45:43', '2026-05-08 17:45:43', 2, '2026-05-08 17:45:43'),
	(385, 74, 213, NULL, NULL, 'MDM Business Unit', 'MDM Business Unit', 'APPROVED', NULL, '2026-05-08 17:45:56', '2026-05-08 17:45:56', 2, '2026-05-08 17:45:56'),
	(386, 74, 216, NULL, NULL, 'MDM Business Unit', 'MDM Business Unit', 'APPROVED', NULL, '2026-05-08 17:45:57', '2026-05-08 17:45:57', 2, '2026-05-08 17:45:57'),
	(387, 74, 217, NULL, NULL, 'MDM Business Unit', 'MDM Business Unit', 'APPROVED', NULL, '2026-05-08 17:46:00', '2026-05-08 17:46:00', 2, '2026-05-08 17:46:00'),
	(388, 74, 215, NULL, NULL, 'MDM Business Unit', 'MDM Business Unit', 'APPROVED', NULL, '2026-05-08 17:46:02', '2026-05-08 17:46:02', 2, '2026-05-08 17:46:02'),
	(389, 74, 214, NULL, NULL, 'MDM Business Unit', 'MDM Business Unit', 'APPROVED', NULL, '2026-05-08 17:46:04', '2026-05-08 17:46:04', 2, '2026-05-08 17:46:04'),
	(390, 74, NULL, NULL, NULL, 'MDM Business Unit', 'MDM Business Unit', 'GENERAL_APPROVED', NULL, '2026-05-08 17:46:10', '2026-05-08 17:46:10', 2, '2026-05-08 17:46:10'),
	(391, 74, NULL, NULL, NULL, 'Direct Manager', 'Direct Manager', 'GENERAL_APPROVED', NULL, '2026-05-08 17:46:19', '2026-05-08 17:46:19', 3, '2026-05-08 17:46:19'),
	(392, 74, NULL, NULL, NULL, 'BPO Local', 'BPO Local', 'GENERAL_APPROVED', NULL, '2026-05-08 17:46:24', '2026-05-08 17:46:24', 4, '2026-05-08 17:46:24'),
	(393, 72, NULL, NULL, NULL, 'MDM Global', 'COMPLETED', 'GENERAL_APPROVED', NULL, '2026-05-08 17:51:56', '2026-05-08 17:51:56', 5, '2026-05-08 17:51:56'),
	(394, 74, NULL, NULL, NULL, 'MDM Global', 'MDM Global', 'GENERAL_APPROVED', NULL, '2026-05-08 17:54:13', '2026-05-08 17:54:13', 5, '2026-05-08 17:54:13'),
	(395, 75, NULL, NULL, NULL, NULL, 'Request Submitted', 'APPROVED', NULL, '2026-05-12 08:27:17', '2026-05-12 08:27:17', 1, '2026-05-12 08:27:17'),
	(396, 76, NULL, NULL, NULL, NULL, 'Request Submitted', 'APPROVED', NULL, '2026-05-12 08:32:51', '2026-05-12 08:32:51', 1, '2026-05-12 08:32:51'),
	(397, 77, NULL, NULL, NULL, NULL, 'Request Submitted', 'APPROVED', NULL, '2026-05-12 08:37:11', '2026-05-12 08:37:11', 1, '2026-05-12 08:37:11'),
	(398, 78, NULL, NULL, NULL, NULL, 'Request Submitted', 'APPROVED', NULL, '2026-05-12 08:49:38', '2026-05-12 08:49:38', 1, '2026-05-12 08:49:38'),
	(399, 79, NULL, NULL, NULL, NULL, 'Request Submitted', 'APPROVED', NULL, '2026-05-12 08:54:21', '2026-05-12 08:54:21', 1, '2026-05-12 08:54:21'),
	(400, 80, NULL, NULL, NULL, NULL, 'Request Submitted', 'APPROVED', NULL, '2026-05-12 08:59:27', '2026-05-12 08:59:27', 1, '2026-05-12 08:59:27'),
	(401, 81, NULL, NULL, NULL, NULL, 'Request Submitted', 'APPROVED', NULL, '2026-05-12 09:18:21', '2026-05-12 09:18:21', 1, '2026-05-12 09:18:21'),
	(402, 81, 250, NULL, NULL, 'MDM Business Unit', 'MDM Business Unit', 'APPROVED', NULL, '2026-05-12 09:27:05', '2026-05-12 09:27:05', 2, '2026-05-12 09:27:05'),
	(403, 81, 250, NULL, NULL, 'MDM Business Unit', 'MDM Business Unit', 'APPROVED', NULL, '2026-05-12 09:33:47', '2026-05-12 09:33:47', 2, '2026-05-12 09:33:47'),
	(404, 81, 251, NULL, NULL, 'MDM Business Unit', 'MDM Business Unit', 'APPROVED', NULL, '2026-05-12 09:33:50', '2026-05-12 09:33:50', 2, '2026-05-12 09:33:50'),
	(405, 81, 252, NULL, NULL, 'MDM Business Unit', 'MDM Business Unit', 'APPROVED', NULL, '2026-05-12 09:33:53', '2026-05-12 09:33:53', 2, '2026-05-12 09:33:53'),
	(406, 81, 255, NULL, NULL, 'MDM Business Unit', 'MDM Business Unit', 'APPROVED', NULL, '2026-05-12 09:33:56', '2026-05-12 09:33:56', 2, '2026-05-12 09:33:56'),
	(407, 81, 253, NULL, NULL, 'MDM Business Unit', 'MDM Business Unit', 'APPROVED', NULL, '2026-05-12 09:33:57', '2026-05-12 09:33:57', 2, '2026-05-12 09:33:57'),
	(408, 81, 254, NULL, NULL, 'MDM Business Unit', 'MDM Business Unit', 'APPROVED', NULL, '2026-05-12 09:33:59', '2026-05-12 09:33:59', 2, '2026-05-12 09:33:59'),
	(409, 81, 256, NULL, NULL, 'MDM Business Unit', 'MDM Business Unit', 'APPROVED', NULL, '2026-05-12 09:34:00', '2026-05-12 09:34:00', 2, '2026-05-12 09:34:00'),
	(410, 81, NULL, NULL, NULL, 'MDM Business Unit', 'MDM Business Unit', 'GENERAL_APPROVED', NULL, '2026-05-12 09:34:07', '2026-05-12 09:34:07', 2, '2026-05-12 09:34:07'),
	(411, 80, 246, NULL, NULL, 'MDM Business Unit', 'MDM Business Unit', 'APPROVED', NULL, '2026-05-12 09:44:22', '2026-05-12 09:44:22', 2, '2026-05-12 09:44:22'),
	(412, 80, 247, NULL, NULL, 'MDM Business Unit', 'MDM Business Unit', 'APPROVED', NULL, '2026-05-12 09:44:24', '2026-05-12 09:44:24', 2, '2026-05-12 09:44:24'),
	(413, 80, 248, NULL, NULL, 'MDM Business Unit', 'MDM Business Unit', 'APPROVED', NULL, '2026-05-12 09:44:26', '2026-05-12 09:44:26', 2, '2026-05-12 09:44:26'),
	(414, 80, 249, NULL, NULL, 'MDM Business Unit', 'MDM Business Unit', 'APPROVED', NULL, '2026-05-12 09:44:29', '2026-05-12 09:44:29', 2, '2026-05-12 09:44:29'),
	(415, 80, NULL, NULL, NULL, 'MDM Business Unit', 'MDM Business Unit', 'GENERAL_APPROVED', NULL, '2026-05-12 09:44:40', '2026-05-12 09:44:40', 2, '2026-05-12 09:44:40'),
	(416, 80, NULL, NULL, NULL, 'Direct Manager', 'Direct Manager', 'GENERAL_APPROVED', NULL, '2026-05-12 09:45:07', '2026-05-12 09:45:07', 3, '2026-05-12 09:45:07'),
	(417, 80, NULL, NULL, NULL, 'BPO Local', 'BPO Local', 'GENERAL_APPROVED', NULL, '2026-05-12 10:54:41', '2026-05-12 10:54:41', 4, '2026-05-12 10:54:41'),
	(418, 80, NULL, NULL, NULL, 'MDM Global', 'MDM Global', 'GENERAL_APPROVED', NULL, '2026-05-12 10:55:18', '2026-05-12 10:55:18', 5, '2026-05-12 10:55:18'),
	(419, 79, 239, NULL, NULL, 'MDM Business Unit', 'MDM Business Unit', 'APPROVED', NULL, '2026-05-12 10:57:07', '2026-05-12 10:57:07', 2, '2026-05-12 10:57:07'),
	(420, 79, 240, NULL, NULL, 'MDM Business Unit', 'MDM Business Unit', 'APPROVED', NULL, '2026-05-12 10:57:08', '2026-05-12 10:57:08', 2, '2026-05-12 10:57:08'),
	(421, 79, 241, NULL, NULL, 'MDM Business Unit', 'MDM Business Unit', 'APPROVED', NULL, '2026-05-12 10:57:09', '2026-05-12 10:57:09', 2, '2026-05-12 10:57:09'),
	(422, 79, 242, NULL, NULL, 'MDM Business Unit', 'MDM Business Unit', 'APPROVED', NULL, '2026-05-12 10:57:10', '2026-05-12 10:57:10', 2, '2026-05-12 10:57:10'),
	(423, 79, 243, NULL, NULL, 'MDM Business Unit', 'MDM Business Unit', 'APPROVED', NULL, '2026-05-12 10:57:11', '2026-05-12 10:57:11', 2, '2026-05-12 10:57:11'),
	(424, 79, 244, NULL, NULL, 'MDM Business Unit', 'MDM Business Unit', 'APPROVED', NULL, '2026-05-12 10:57:12', '2026-05-12 10:57:12', 2, '2026-05-12 10:57:12'),
	(425, 79, 245, NULL, NULL, 'MDM Business Unit', 'MDM Business Unit', 'APPROVED', NULL, '2026-05-12 10:57:12', '2026-05-12 10:57:12', 2, '2026-05-12 10:57:12'),
	(426, 79, NULL, NULL, NULL, 'MDM Business Unit', 'MDM Business Unit', 'GENERAL_APPROVED', NULL, '2026-05-12 10:57:19', '2026-05-12 10:57:19', 2, '2026-05-12 10:57:19'),
	(427, 81, NULL, NULL, NULL, 'Direct Manager', 'Direct Manager', 'GENERAL_APPROVED', NULL, '2026-05-12 10:57:33', '2026-05-12 10:57:33', 3, '2026-05-12 10:57:33'),
	(428, 79, NULL, NULL, NULL, 'Direct Manager', 'Direct Manager', 'GENERAL_APPROVED', NULL, '2026-05-12 10:57:36', '2026-05-12 10:57:36', 3, '2026-05-12 10:57:36'),
	(429, 81, NULL, NULL, NULL, 'BPO Local', 'BPO Local', 'GENERAL_APPROVED', NULL, '2026-05-12 10:57:45', '2026-05-12 10:57:45', 4, '2026-05-12 10:57:45'),
	(430, 79, NULL, NULL, NULL, 'BPO Local', 'BPO Local', 'GENERAL_APPROVED', NULL, '2026-05-12 10:57:54', '2026-05-12 10:57:54', 4, '2026-05-12 10:57:54'),
	(431, 79, NULL, NULL, NULL, 'MDM Global', 'MDM Global', 'GENERAL_APPROVED', NULL, '2026-05-12 10:58:26', '2026-05-12 10:58:26', 5, '2026-05-12 10:58:26'),
	(432, 81, NULL, NULL, NULL, 'MDM Global', 'MDM Global', 'GENERAL_APPROVED', NULL, '2026-05-12 11:07:22', '2026-05-12 11:07:22', 5, '2026-05-12 11:07:22'),
	(433, 84, NULL, NULL, NULL, NULL, 'Request Submitted', 'APPROVED', NULL, '2026-05-12 15:38:35', '2026-05-12 15:38:35', 1, '2026-05-12 15:38:35'),
	(434, 84, NULL, 1, NULL, 'MDM Business Unit', 'MDM Business Unit', 'APPROVED', NULL, '2026-05-12 15:46:20', '2026-05-12 15:46:20', 2, '2026-05-12 15:46:20'),
	(435, 84, NULL, NULL, NULL, 'MDM Business Unit', 'MDM Business Unit', 'GENERAL_APPROVED', NULL, '2026-05-12 15:46:26', '2026-05-12 15:46:26', 2, '2026-05-12 15:46:26'),
	(436, 84, NULL, NULL, NULL, 'Direct Manager', 'Direct Manager', 'GENERAL_APPROVED', NULL, '2026-05-12 15:48:46', '2026-05-12 15:48:46', 3, '2026-05-12 15:48:46'),
	(437, 84, NULL, NULL, NULL, 'BPO Local', 'BPO Local', 'GENERAL_APPROVED', NULL, '2026-05-12 15:53:00', '2026-05-12 15:53:00', 4, '2026-05-12 15:53:00'),
	(438, 84, NULL, NULL, NULL, 'MDM Global', 'MDM Global', 'GENERAL_APPROVED', NULL, '2026-05-12 16:59:35', '2026-05-12 16:59:35', 5, '2026-05-12 16:59:35'),
	(439, 85, NULL, NULL, NULL, NULL, 'Request Submitted', 'APPROVED', NULL, '2026-05-12 17:02:03', '2026-05-12 17:02:03', 1, '2026-05-12 17:02:03'),
	(440, 85, NULL, 2, NULL, 'MDM Business Unit', 'MDM Business Unit', 'APPROVED', NULL, '2026-05-12 17:02:15', '2026-05-12 17:02:15', 2, '2026-05-12 17:02:15'),
	(441, 85, NULL, NULL, NULL, 'MDM Business Unit', 'MDM Business Unit', 'GENERAL_APPROVED', NULL, '2026-05-12 17:02:19', '2026-05-12 17:02:19', 2, '2026-05-12 17:02:19'),
	(442, 85, NULL, NULL, NULL, 'Direct Manager', 'Direct Manager', 'GENERAL_APPROVED', NULL, '2026-05-12 17:02:30', '2026-05-12 17:02:30', 3, '2026-05-12 17:02:30'),
	(443, 85, NULL, NULL, NULL, 'BPO Local', 'BPO Local', 'GENERAL_APPROVED', NULL, '2026-05-12 17:02:36', '2026-05-12 17:02:36', 4, '2026-05-12 17:02:36'),
	(444, 85, NULL, NULL, NULL, 'MDM Global', 'MDM Global', 'GENERAL_APPROVED', NULL, '2026-05-12 17:02:48', '2026-05-12 17:02:48', 5, '2026-05-12 17:02:48'),
	(445, 86, NULL, NULL, NULL, NULL, 'Request Submitted', 'APPROVED', NULL, '2026-05-13 18:00:31', '2026-05-13 18:00:31', 1, '2026-05-13 18:00:31'),
	(446, 86, 257, NULL, NULL, 'MDM Business Unit', 'MDM Business Unit', 'APPROVED', NULL, '2026-05-13 18:01:33', '2026-05-13 18:01:33', 2, '2026-05-13 18:01:33'),
	(447, 86, 258, NULL, NULL, 'MDM Business Unit', 'MDM Business Unit', 'APPROVED', NULL, '2026-05-13 18:01:34', '2026-05-13 18:01:34', 2, '2026-05-13 18:01:34'),
	(448, 86, 259, NULL, NULL, 'MDM Business Unit', 'MDM Business Unit', 'APPROVED', NULL, '2026-05-13 18:01:36', '2026-05-13 18:01:36', 2, '2026-05-13 18:01:36'),
	(449, 86, 260, NULL, NULL, 'MDM Business Unit', 'MDM Business Unit', 'APPROVED', NULL, '2026-05-13 18:01:37', '2026-05-13 18:01:37', 2, '2026-05-13 18:01:37'),
	(450, 86, NULL, NULL, NULL, 'MDM Business Unit', 'MDM Business Unit', 'GENERAL_APPROVED', NULL, '2026-05-13 18:01:48', '2026-05-13 18:01:48', 2, '2026-05-13 18:01:48'),
	(451, 86, NULL, NULL, NULL, 'Direct Manager', 'Direct Manager', 'GENERAL_APPROVED', NULL, '2026-05-13 18:23:24', '2026-05-13 18:23:24', 3, '2026-05-13 18:23:24'),
	(452, 87, NULL, NULL, NULL, NULL, 'Request Submitted', 'APPROVED', NULL, '2026-05-18 08:06:43', '2026-05-18 08:06:43', 1, '2026-05-18 08:06:43'),
	(453, 87, 263, NULL, NULL, 'MDM Business Unit', 'MDM Business Unit', 'APPROVED', NULL, '2026-05-18 08:10:10', '2026-05-18 08:10:10', 2, '2026-05-18 08:10:10'),
	(454, 87, 261, NULL, NULL, 'MDM Business Unit', 'MDM Business Unit', 'APPROVED', NULL, '2026-05-18 08:10:12', '2026-05-18 08:10:12', 2, '2026-05-18 08:10:12'),
	(455, 87, 262, NULL, NULL, 'MDM Business Unit', 'MDM Business Unit', 'APPROVED', NULL, '2026-05-18 08:10:14', '2026-05-18 08:10:14', 2, '2026-05-18 08:10:14'),
	(456, 87, NULL, NULL, NULL, 'MDM Business Unit', 'MDM Business Unit', 'GENERAL_APPROVED', NULL, '2026-05-18 08:10:23', '2026-05-18 08:10:23', 2, '2026-05-18 08:10:23'),
	(457, 83, NULL, NULL, NULL, 'MDM Business Unit', 'MDM Business Unit', 'REJECTED', 'Tidak ada isi nya', '2026-05-18 08:10:34', '2026-05-18 08:10:34', 2, '2026-05-18 08:10:34'),
	(458, 82, NULL, NULL, NULL, 'MDM Business Unit', 'MDM Business Unit', 'REJECTED', 'yidak ada isi nya', '2026-05-18 08:10:44', '2026-05-18 08:10:44', 2, '2026-05-18 08:10:44'),
	(459, 78, NULL, NULL, NULL, 'MDM Business Unit', 'MDM Business Unit', 'REJECTED', 'SUDAH ADA', '2026-05-18 08:11:27', '2026-05-18 08:11:27', 2, '2026-05-18 08:11:27'),
	(460, 87, NULL, NULL, NULL, 'Direct Manager', 'Direct Manager', 'GENERAL_APPROVED', NULL, '2026-05-18 08:11:58', '2026-05-18 08:11:58', 3, '2026-05-18 08:11:58'),
	(461, 75, 221, NULL, NULL, 'MDM Business Unit', 'MDM Business Unit', 'REJECTED', 'ada', '2026-05-18 14:34:39', '2026-05-18 14:34:39', 2, '2026-05-18 14:34:39'),
	(462, 75, 218, NULL, NULL, 'MDM Business Unit', 'MDM Business Unit', 'REJECTED', 'ada', '2026-05-18 14:34:42', '2026-05-18 14:34:42', 2, '2026-05-18 14:34:42'),
	(463, 75, 219, NULL, NULL, 'MDM Business Unit', 'MDM Business Unit', 'REJECTED', 'ada', '2026-05-18 14:34:45', '2026-05-18 14:34:45', 2, '2026-05-18 14:34:45'),
	(464, 75, 220, NULL, NULL, 'MDM Business Unit', 'MDM Business Unit', 'APPROVED', NULL, '2026-05-18 14:34:47', '2026-05-18 14:34:47', 2, '2026-05-18 14:34:47'),
	(465, 75, 222, NULL, NULL, 'MDM Business Unit', 'MDM Business Unit', 'APPROVED', NULL, '2026-05-18 14:34:48', '2026-05-18 14:34:48', 2, '2026-05-18 14:34:48'),
	(466, 75, 223, NULL, NULL, 'MDM Business Unit', 'MDM Business Unit', 'APPROVED', NULL, '2026-05-18 14:34:49', '2026-05-18 14:34:49', 2, '2026-05-18 14:34:49'),
	(467, 75, 224, NULL, NULL, 'MDM Business Unit', 'MDM Business Unit', 'APPROVED', NULL, '2026-05-18 14:34:50', '2026-05-18 14:34:50', 2, '2026-05-18 14:34:50'),
	(468, 75, NULL, NULL, NULL, 'MDM Business Unit', 'MDM Business Unit', 'GENERAL_APPROVED', NULL, '2026-05-18 14:35:00', '2026-05-18 14:35:00', 2, '2026-05-18 14:35:00'),
	(469, 75, NULL, NULL, NULL, 'Direct Manager', 'Direct Manager', 'GENERAL_APPROVED', NULL, '2026-05-18 14:35:09', '2026-05-18 14:35:09', 3, '2026-05-18 14:35:09'),
	(470, 75, NULL, NULL, NULL, 'BPO Local', 'BPO Local', 'GENERAL_APPROVED', NULL, '2026-05-18 14:43:21', '2026-05-18 14:43:21', 4, '2026-05-18 14:43:21'),
	(471, 87, NULL, NULL, NULL, 'BPO Local', 'BPO Local', 'GENERAL_APPROVED', NULL, '2026-05-18 14:43:26', '2026-05-18 14:43:26', 4, '2026-05-18 14:43:26'),
	(472, 86, NULL, NULL, NULL, 'BPO Local', 'BPO Local', 'GENERAL_APPROVED', NULL, '2026-05-18 14:43:28', '2026-05-18 14:43:28', 4, '2026-05-18 14:43:28'),
	(473, 75, NULL, NULL, NULL, 'MDM Global', 'MDM Global', 'GENERAL_APPROVED', NULL, '2026-05-18 14:46:22', '2026-05-18 14:46:22', 5, '2026-05-18 14:46:22'),
	(474, 86, NULL, NULL, NULL, 'MDM Global', 'MDM Global', 'GENERAL_APPROVED', NULL, '2026-05-18 15:09:58', '2026-05-18 15:09:58', 5, '2026-05-18 15:09:58'),
	(475, 87, NULL, NULL, NULL, 'MDM Global', 'MDM Global', 'GENERAL_APPROVED', NULL, '2026-05-18 15:23:01', '2026-05-18 15:23:01', 5, '2026-05-18 15:23:01'),
	(476, 77, 229, NULL, NULL, 'MDM Business Unit', 'MDM Business Unit', 'APPROVED', NULL, '2026-05-18 15:28:47', '2026-05-18 15:28:47', 2, '2026-05-18 15:28:47'),
	(477, 77, 230, NULL, NULL, 'MDM Business Unit', 'MDM Business Unit', 'APPROVED', NULL, '2026-05-18 15:28:48', '2026-05-18 15:28:48', 2, '2026-05-18 15:28:48'),
	(478, 77, 231, NULL, NULL, 'MDM Business Unit', 'MDM Business Unit', 'APPROVED', NULL, '2026-05-18 15:28:49', '2026-05-18 15:28:49', 2, '2026-05-18 15:28:49'),
	(479, 77, NULL, NULL, NULL, 'MDM Business Unit', 'MDM Business Unit', 'GENERAL_APPROVED', NULL, '2026-05-18 15:28:53', '2026-05-18 15:28:53', 2, '2026-05-18 15:28:53'),
	(480, 77, NULL, NULL, NULL, 'Direct Manager', 'Direct Manager', 'GENERAL_APPROVED', NULL, '2026-05-18 15:29:09', '2026-05-18 15:29:09', 3, '2026-05-18 15:29:09'),
	(481, 77, NULL, NULL, NULL, 'BPO Local', 'BPO Local', 'GENERAL_APPROVED', NULL, '2026-05-18 15:29:20', '2026-05-18 15:29:20', 4, '2026-05-18 15:29:20'),
	(482, 77, NULL, NULL, NULL, 'MDM Global', 'MDM Global', 'GENERAL_APPROVED', NULL, '2026-05-18 15:29:49', '2026-05-18 15:29:49', 5, '2026-05-18 15:29:49'),
	(483, 88, NULL, NULL, NULL, NULL, 'Request Submitted', 'APPROVED', NULL, '2026-05-18 15:32:06', '2026-05-18 15:32:06', 1, '2026-05-18 15:32:06'),
	(484, 88, NULL, 3, NULL, 'MDM Business Unit', 'MDM Business Unit', 'APPROVED', NULL, '2026-05-18 15:32:59', '2026-05-18 15:32:59', 2, '2026-05-18 15:32:59'),
	(485, 88, NULL, NULL, NULL, 'MDM Business Unit', 'MDM Business Unit', 'GENERAL_APPROVED', NULL, '2026-05-18 15:33:03', '2026-05-18 15:33:03', 2, '2026-05-18 15:33:03'),
	(486, 88, NULL, NULL, NULL, 'Direct Manager', 'Direct Manager', 'GENERAL_APPROVED', NULL, '2026-05-18 15:33:13', '2026-05-18 15:33:13', 3, '2026-05-18 15:33:13'),
	(487, 88, NULL, NULL, NULL, 'BPO Local', 'BPO Local', 'GENERAL_APPROVED', NULL, '2026-05-18 15:33:20', '2026-05-18 15:33:20', 4, '2026-05-18 15:33:20'),
	(488, 88, NULL, NULL, NULL, 'MDM Global', 'MDM Global', 'GENERAL_APPROVED', NULL, '2026-05-18 15:33:28', '2026-05-18 15:33:28', 5, '2026-05-18 15:33:28'),
	(489, 89, NULL, NULL, NULL, NULL, 'Request Submitted', 'APPROVED', NULL, '2026-05-19 10:41:06', '2026-05-19 10:41:06', 1, '2026-05-19 10:41:06'),
	(490, 90, NULL, NULL, NULL, NULL, 'Request Submitted', 'APPROVED', NULL, '2026-05-19 10:43:54', '2026-05-19 10:43:54', 1, '2026-05-19 10:43:54'),
	(491, 91, NULL, NULL, NULL, NULL, 'Request Submitted', 'APPROVED', NULL, '2026-05-19 10:50:16', '2026-05-19 10:50:16', 1, '2026-05-19 10:50:16'),
	(492, 92, NULL, NULL, NULL, NULL, 'Request Submitted', 'APPROVED', NULL, '2026-05-19 10:56:15', '2026-05-19 10:56:15', 1, '2026-05-19 10:56:15'),
	(493, 93, NULL, NULL, NULL, NULL, 'Request Submitted', 'APPROVED', NULL, '2026-05-19 11:00:58', '2026-05-19 11:00:58', 1, '2026-05-19 11:00:58'),
	(494, 94, NULL, NULL, NULL, NULL, 'Request Submitted', 'APPROVED', NULL, '2026-05-19 11:02:36', '2026-05-19 11:02:36', 6, '2026-05-19 11:02:36'),
	(495, 93, 281, NULL, NULL, 'MDM Business Unit', 'MDM Business Unit', 'APPROVED', NULL, '2026-05-19 11:04:01', '2026-05-19 11:04:01', 2, '2026-05-19 11:04:01'),
	(496, 93, NULL, NULL, NULL, 'MDM Business Unit', 'MDM Business Unit', 'GENERAL_APPROVED', NULL, '2026-05-19 11:04:06', '2026-05-19 11:04:06', 2, '2026-05-19 11:04:06'),
	(497, 93, NULL, NULL, NULL, 'Direct Manager', 'Direct Manager', 'GENERAL_APPROVED', NULL, '2026-05-19 11:05:54', '2026-05-19 11:05:54', 3, '2026-05-19 11:05:54'),
	(498, 93, NULL, NULL, NULL, 'BPO Local', 'BPO Local', 'GENERAL_APPROVED', NULL, '2026-05-19 11:06:05', '2026-05-19 11:06:05', 4, '2026-05-19 11:06:05'),
	(499, 93, NULL, NULL, NULL, 'MDM Global', 'MDM Global', 'GENERAL_APPROVED', NULL, '2026-05-19 11:06:16', '2026-05-19 11:06:16', 5, '2026-05-19 11:06:16'),
	(500, 95, NULL, NULL, NULL, NULL, 'Request Submitted', 'APPROVED', NULL, '2026-05-19 11:11:56', '2026-05-19 11:11:56', 1, '2026-05-19 11:11:56'),
	(501, 95, 289, NULL, NULL, 'MDM Business Unit', 'MDM Business Unit', 'APPROVED', NULL, '2026-05-19 11:12:45', '2026-05-19 11:12:45', 2, '2026-05-19 11:12:45'),
	(502, 95, 290, NULL, NULL, 'MDM Business Unit', 'MDM Business Unit', 'APPROVED', NULL, '2026-05-19 11:12:46', '2026-05-19 11:12:46', 2, '2026-05-19 11:12:46'),
	(503, 95, 291, NULL, NULL, 'MDM Business Unit', 'MDM Business Unit', 'APPROVED', NULL, '2026-05-19 11:12:47', '2026-05-19 11:12:47', 2, '2026-05-19 11:12:47'),
	(504, 95, 292, NULL, NULL, 'MDM Business Unit', 'MDM Business Unit', 'APPROVED', NULL, '2026-05-19 11:12:48', '2026-05-19 11:12:48', 2, '2026-05-19 11:12:48'),
	(505, 95, 293, NULL, NULL, 'MDM Business Unit', 'MDM Business Unit', 'REJECTED', 'SUDAH ADA', '2026-05-19 11:12:53', '2026-05-19 11:12:53', 2, '2026-05-19 11:12:53'),
	(506, 95, 294, NULL, NULL, 'MDM Business Unit', 'MDM Business Unit', 'REJECTED', 'SUDAH ADA', '2026-05-19 11:13:01', '2026-05-19 11:13:01', 2, '2026-05-19 11:13:01'),
	(507, 95, 295, NULL, NULL, 'MDM Business Unit', 'MDM Business Unit', 'REJECTED', 'SUDAH ADA', '2026-05-19 11:13:06', '2026-05-19 11:13:06', 2, '2026-05-19 11:13:06'),
	(508, 95, NULL, NULL, NULL, 'MDM Business Unit', 'MDM Business Unit', 'GENERAL_APPROVED', NULL, '2026-05-19 11:13:17', '2026-05-19 11:13:17', 2, '2026-05-19 11:13:17'),
	(509, 95, NULL, NULL, NULL, 'Direct Manager', 'Direct Manager', 'GENERAL_APPROVED', NULL, '2026-05-19 11:13:45', '2026-05-19 11:13:45', 3, '2026-05-19 11:13:45'),
	(510, 95, NULL, NULL, NULL, 'BPO Local', 'BPO Local', 'GENERAL_APPROVED', NULL, '2026-05-19 11:14:17', '2026-05-19 11:14:17', 4, '2026-05-19 11:14:17'),
	(511, 95, 292, NULL, NULL, 'MDM Global', 'MDM Global', 'REJECTED', 'SUDAH ADA!', '2026-05-19 11:14:37', '2026-05-19 11:14:37', 5, '2026-05-19 11:14:37'),
	(512, 95, 289, NULL, NULL, 'MDM Global', 'MDM Global', 'REJECTED', 'sudah ada', '2026-05-19 11:19:24', '2026-05-19 11:19:24', 5, '2026-05-19 11:19:24'),
	(513, 95, NULL, NULL, NULL, 'MDM Global', 'MDM Global', 'GENERAL_APPROVED', NULL, '2026-05-19 11:19:30', '2026-05-19 11:19:30', 5, '2026-05-19 11:19:30'),
	(514, 91, 273, NULL, NULL, 'MDM Business Unit', 'MDM Business Unit', 'APPROVED', NULL, '2026-05-19 11:40:13', '2026-05-19 11:40:13', 2, '2026-05-19 11:40:13'),
	(515, 91, 274, NULL, NULL, 'MDM Business Unit', 'MDM Business Unit', 'APPROVED', NULL, '2026-05-19 11:40:14', '2026-05-19 11:40:14', 2, '2026-05-19 11:40:14'),
	(516, 91, 275, NULL, NULL, 'MDM Business Unit', 'MDM Business Unit', 'APPROVED', NULL, '2026-05-19 11:40:15', '2026-05-19 11:40:15', 2, '2026-05-19 11:40:15'),
	(517, 91, 278, NULL, NULL, 'MDM Business Unit', 'MDM Business Unit', 'APPROVED', NULL, '2026-05-19 11:40:18', '2026-05-19 11:40:18', 2, '2026-05-19 11:40:18'),
	(518, 91, 276, NULL, NULL, 'MDM Business Unit', 'MDM Business Unit', 'APPROVED', NULL, '2026-05-19 11:40:19', '2026-05-19 11:40:19', 2, '2026-05-19 11:40:19'),
	(519, 91, 277, NULL, NULL, 'MDM Business Unit', 'MDM Business Unit', 'APPROVED', NULL, '2026-05-19 11:40:21', '2026-05-19 11:40:21', 2, '2026-05-19 11:40:21'),
	(520, 91, 279, NULL, NULL, 'MDM Business Unit', 'MDM Business Unit', 'REJECTED', 'SUDAH ADA!!', '2026-05-19 11:40:26', '2026-05-19 11:40:26', 2, '2026-05-19 11:40:26'),
	(521, 91, NULL, NULL, NULL, 'MDM Business Unit', 'MDM Business Unit', 'GENERAL_APPROVED', NULL, '2026-05-19 11:40:32', '2026-05-19 11:40:32', 2, '2026-05-19 11:40:32'),
	(522, 91, NULL, NULL, NULL, 'Direct Manager', 'Direct Manager', 'GENERAL_APPROVED', NULL, '2026-05-19 11:40:43', '2026-05-19 11:40:43', 3, '2026-05-19 11:40:43'),
	(523, 91, NULL, NULL, NULL, 'BPO Local', 'BPO Local', 'GENERAL_APPROVED', NULL, '2026-05-19 11:40:58', '2026-05-19 11:40:58', 4, '2026-05-19 11:40:58'),
	(524, 91, 278, NULL, NULL, 'MDM Global', 'MDM Global', 'REJECTED', 'SUDAH ADA', '2026-05-19 11:41:12', '2026-05-19 11:41:12', 5, '2026-05-19 11:41:12'),
	(525, 91, NULL, NULL, NULL, 'MDM Global', 'MDM Global', 'GENERAL_APPROVED', NULL, '2026-05-19 11:41:16', '2026-05-19 11:41:16', 5, '2026-05-19 11:41:16'),
	(526, 96, NULL, NULL, NULL, NULL, 'Request Submitted', 'APPROVED', NULL, '2026-05-19 16:05:01', '2026-05-19 16:05:01', 1, '2026-05-19 16:05:01'),
	(527, 96, NULL, 4, NULL, 'MDM Business Unit', 'MDM Business Unit', 'APPROVED', NULL, '2026-05-19 16:06:11', '2026-05-19 16:06:11', 2, '2026-05-19 16:06:11'),
	(528, 96, NULL, 5, NULL, 'MDM Business Unit', 'MDM Business Unit', 'APPROVED', NULL, '2026-05-19 16:06:12', '2026-05-19 16:06:12', 2, '2026-05-19 16:06:12'),
	(529, 96, NULL, 6, NULL, 'MDM Business Unit', 'MDM Business Unit', 'APPROVED', NULL, '2026-05-19 16:06:14', '2026-05-19 16:06:14', 2, '2026-05-19 16:06:14'),
	(530, 96, NULL, 7, NULL, 'MDM Business Unit', 'MDM Business Unit', 'APPROVED', NULL, '2026-05-19 16:06:18', '2026-05-19 16:06:18', 2, '2026-05-19 16:06:18'),
	(531, 96, NULL, NULL, NULL, 'MDM Business Unit', 'MDM Business Unit', 'GENERAL_APPROVED', NULL, '2026-05-19 16:06:23', '2026-05-19 16:06:23', 2, '2026-05-19 16:06:23'),
	(532, 96, NULL, NULL, NULL, 'Direct Manager', 'Direct Manager', 'GENERAL_APPROVED', NULL, '2026-05-19 16:07:06', '2026-05-19 16:07:06', 3, '2026-05-19 16:07:06'),
	(533, 96, NULL, NULL, NULL, 'BPO Local', 'BPO Local', 'GENERAL_APPROVED', NULL, '2026-05-19 16:07:28', '2026-05-19 16:07:28', 4, '2026-05-19 16:07:28'),
	(534, 96, NULL, NULL, NULL, 'MDM Global', 'MDM Global', 'GENERAL_APPROVED', NULL, '2026-05-19 16:07:44', '2026-05-19 16:07:44', 5, '2026-05-19 16:07:44'),
	(535, 94, 282, NULL, NULL, 'MDM Business Unit', 'MDM Business Unit', 'APPROVED', NULL, '2026-05-21 10:31:21', '2026-05-21 10:31:21', 7, '2026-05-21 10:31:21'),
	(536, 94, 283, NULL, NULL, 'MDM Business Unit', 'MDM Business Unit', 'APPROVED', NULL, '2026-05-21 10:31:22', '2026-05-21 10:31:22', 7, '2026-05-21 10:31:22'),
	(537, 94, 284, NULL, NULL, 'MDM Business Unit', 'MDM Business Unit', 'APPROVED', NULL, '2026-05-21 10:31:25', '2026-05-21 10:31:25', 7, '2026-05-21 10:31:25'),
	(538, 94, 285, NULL, NULL, 'MDM Business Unit', 'MDM Business Unit', 'APPROVED', NULL, '2026-05-21 10:31:27', '2026-05-21 10:31:27', 7, '2026-05-21 10:31:27'),
	(539, 94, 286, NULL, NULL, 'MDM Business Unit', 'MDM Business Unit', 'APPROVED', NULL, '2026-05-21 10:31:30', '2026-05-21 10:31:30', 7, '2026-05-21 10:31:30'),
	(540, 94, 287, NULL, NULL, 'MDM Business Unit', 'MDM Business Unit', 'APPROVED', NULL, '2026-05-21 10:31:31', '2026-05-21 10:31:31', 7, '2026-05-21 10:31:31'),
	(541, 94, 288, NULL, NULL, 'MDM Business Unit', 'MDM Business Unit', 'APPROVED', NULL, '2026-05-21 10:31:33', '2026-05-21 10:31:33', 7, '2026-05-21 10:31:33'),
	(542, 94, NULL, NULL, NULL, 'MDM Business Unit', 'MDM Business Unit', 'GENERAL_APPROVED', NULL, '2026-05-21 10:32:14', '2026-05-21 10:32:14', 7, '2026-05-21 10:32:14'),
	(543, 94, NULL, NULL, NULL, 'Direct Manager', 'Direct Manager', 'GENERAL_APPROVED', NULL, '2026-05-21 10:32:39', '2026-05-21 10:32:39', 8, '2026-05-21 10:32:39'),
	(544, 94, NULL, NULL, NULL, 'BPO Local', 'BPO Local', 'GENERAL_APPROVED', NULL, '2026-05-21 10:33:30', '2026-05-21 10:33:30', 9, '2026-05-21 10:33:30'),
	(545, 94, NULL, NULL, NULL, 'MDM Global', 'MDM Global', 'GENERAL_APPROVED', NULL, '2026-05-21 10:33:48', '2026-05-21 10:33:48', 10, '2026-05-21 10:33:48');

-- membuang struktur untuk table mdm_portal.company
CREATE TABLE IF NOT EXISTS `company` (
  `id` int NOT NULL AUTO_INCREMENT,
  `nama_company` varchar(50) DEFAULT NULL,
  `company_code` varchar(10) DEFAULT NULL,
  PRIMARY KEY (`id`)
) ENGINE=InnoDB AUTO_INCREMENT=3 DEFAULT CHARSET=latin1;

-- Membuang data untuk tabel mdm_portal.company: ~2 rows (lebih kurang)
INSERT INTO `company` (`id`, `nama_company`, `company_code`) VALUES
	(1, 'Alamtri', 'ATRI'),
	(2, 'Adaro', 'ADRO');

-- membuang struktur untuk table mdm_portal.email_log
CREATE TABLE IF NOT EXISTS `email_log` (
  `id` int NOT NULL AUTO_INCREMENT,
  `event_id` varchar(100) DEFAULT NULL,
  `request_id` int DEFAULT NULL,
  `event` varchar(50) DEFAULT NULL,
  `status_email` varchar(20) DEFAULT NULL,
  `error_message` text,
  `created_at` timestamp NULL DEFAULT CURRENT_TIMESTAMP,
  PRIMARY KEY (`id`)
) ENGINE=InnoDB DEFAULT CHARSET=latin1;

-- Membuang data untuk tabel mdm_portal.email_log: ~0 rows (lebih kurang)

-- membuang struktur untuk table mdm_portal.material
CREATE TABLE IF NOT EXISTS `material` (
  `material_number` varchar(50) NOT NULL,
  `numbering_scheme` varchar(50) DEFAULT NULL,
  `description` varchar(255) NOT NULL,
  `description_alt` varchar(255) DEFAULT NULL,
  `uom` varchar(20) NOT NULL,
  `ext_material_group` varchar(50) NOT NULL,
  `material_group` varchar(50) NOT NULL,
  `material_type` varchar(50) NOT NULL,
  `vhs` varchar(50) DEFAULT NULL,
  `location` varchar(100) DEFAULT NULL,
  `val_class` varchar(50) DEFAULT NULL,
  `val_category` varchar(50) DEFAULT NULL,
  `purchasing_group` varchar(50) DEFAULT NULL,
  `mrp_controller` varchar(50) DEFAULT NULL,
  `price_control` char(1) DEFAULT NULL,
  `profile_make` varchar(50) DEFAULT NULL,
  `profile_plan` varchar(50) DEFAULT NULL,
  `old_material_number` varchar(50) DEFAULT NULL,
  `egi` varchar(50) DEFAULT NULL,
  `cgi` varchar(50) DEFAULT NULL,
  `engine_type` varchar(50) DEFAULT NULL,
  `order_unit` varchar(20) DEFAULT NULL,
  `net_weight` decimal(15,3) DEFAULT NULL,
  `weight_unit` varchar(10) DEFAULT NULL,
  `max_stock_level` decimal(15,3) DEFAULT NULL,
  `min_lot_size` decimal(15,3) DEFAULT NULL,
  `max_lot_size` decimal(15,3) DEFAULT NULL,
  `fix_lot_size` decimal(15,3) DEFAULT NULL,
  `standard_price` decimal(18,2) DEFAULT NULL,
  `moving_price` decimal(18,2) DEFAULT NULL,
  `remarks` text,
  `source_request_id` int DEFAULT NULL,
  `created_at` timestamp NOT NULL DEFAULT CURRENT_TIMESTAMP,
  `updated_at` timestamp NOT NULL DEFAULT CURRENT_TIMESTAMP ON UPDATE CURRENT_TIMESTAMP,
  `image_url` text,
  PRIMARY KEY (`material_number`),
  KEY `fk_mat_request` (`source_request_id`),
  CONSTRAINT `fk_mat_request` FOREIGN KEY (`source_request_id`) REFERENCES `request_header` (`id`)
) ENGINE=InnoDB DEFAULT CHARSET=latin1;

-- Membuang data untuk tabel mdm_portal.material: ~7 rows (lebih kurang)
INSERT INTO `material` (`material_number`, `numbering_scheme`, `description`, `description_alt`, `uom`, `ext_material_group`, `material_group`, `material_type`, `vhs`, `location`, `val_class`, `val_category`, `purchasing_group`, `mrp_controller`, `price_control`, `profile_make`, `profile_plan`, `old_material_number`, `egi`, `cgi`, `engine_type`, `order_unit`, `net_weight`, `weight_unit`, `max_stock_level`, `min_lot_size`, `max_lot_size`, `fix_lot_size`, `standard_price`, `moving_price`, `remarks`, `source_request_id`, `created_at`, `updated_at`, `image_url`) VALUES
	('14X-22-00154', 'MPN', 'POWER TRAIN ASSEMBLY', '', 'EA', 'KOMATSU', '261115', 'MM_Z001', 'VHS', 'PV_40AB_40AB', 'M001 - Spareparts', 'SPAREPART', '012 - Stock TPN', 'COMPONENT & SPAREPART', 'V', 'PURCH_AS_REQ', 'PD_EX', '', 'D85ESS-2', '', '', '', NULL, '', NULL, NULL, NULL, NULL, NULL, 172001.00, 'Belum Terextend All Plant ID', 81, '2026-05-12 04:07:22', '2026-05-12 04:07:22', NULL),
	('195-22-75290', 'MPN', 'COVER', '', 'EA', 'KOMATSU', '401416', 'MM_Z001', 'VHS', 'PV_40AB_40AB', 'M001 - Spareparts', 'SPAREPART', '012 - Stock TPN', 'COMPONENT & SPAREPART', 'V', 'PURCH_AS_REQ', 'PD_EX', '', 'D375A-6R', '', '', '', NULL, '', NULL, NULL, NULL, NULL, NULL, 357.00, 'Belum Terextend All Plant ID', 81, '2026-05-12 04:07:22', '2026-05-12 04:07:22', NULL),
	('246-2648', 'MPN', 'TRANSFER GEAR', '', 'EA', 'CATERPILLAR', '311717', 'MM_Z001', 'VHS', 'PV_40AB_40AB', 'M001 - Spareparts', 'COMPONENT', '012 - Stock TPN', 'COMPONENT & SPAREPART', 'V', 'PURCH_AS_REQ', 'PD_EX', '', 'CAT777E', '', '', '', NULL, '', NULL, NULL, NULL, NULL, NULL, 31117.00, 'Belum Terextend All Plant ID', 81, '2026-05-12 04:07:22', '2026-05-12 04:07:22', NULL),
	('2650495860', 'MPN', 'SEAL SHAFT', '', 'EA', 'ATLASCOPCO', '401517', 'MM_Z001', 'VHS', 'PV_40AB_40AB', 'M001 - Spareparts', 'SPAREPART', '012 - Stock TPN', 'COMPONENT & SPAREPART', 'V', 'PURCH_AS_REQ', 'PD_EX', '', 'DM30', '', '', '', NULL, '', NULL, NULL, NULL, NULL, NULL, 180.00, 'Belum Terextend All Plant ID', 81, '2026-05-12 04:07:22', '2026-05-12 04:07:22', NULL),
	('704-30-34120', 'MPN', 'PUMP ASSEMBLY', '', 'EA', 'KOMATSU', '401515', 'MM_Z001', 'VHS', 'PV_40AB_40AB', 'M001 - Spareparts', 'SPAREPART', '012 - Stock TPN', 'COMPONENT & SPAREPART', 'V', 'PURCH_AS_REQ', 'PD_EX', '', 'WA500-6R', '', '', '', NULL, '', NULL, NULL, NULL, NULL, NULL, 3504.00, 'Belum Terextend All Plant ID', 81, '2026-05-12 04:07:22', '2026-05-12 04:07:22', NULL),
	('99707015601', 'MPN', 'O-RING', '', 'EA', 'TADANO', '314015', 'MM_Z001', 'VHS', 'PV_40AB_40AB', 'M001 - Spareparts', 'SPAREPART', '012 - Stock TPN', 'COMPONENT & SPAREPART', 'V', 'PURCH_AS_REQ', 'PD_EX', '', 'ATF110', '', '', '', NULL, '', NULL, NULL, NULL, NULL, NULL, 19.00, 'Belum Terextend All Plant ID', 81, '2026-05-12 04:07:22', '2026-05-12 04:07:22', NULL),
	('9Z777BLZ', 'MPN', 'TURBOCHARGER BLANKET', '', 'EA', 'CATERPILLAR', '261017', 'MM_Z001', 'VHS', 'PV_40AB_40AB', 'M001 - Spareparts', 'SPAREPART', '012 - Stock TPN', 'COMPONENT & SPAREPART', 'V', 'PURCH_AS_REQ', 'PD_EX', '', 'CAT777E', '', '', '', NULL, '', NULL, NULL, NULL, NULL, NULL, 1075.00, 'Belum Terextend All Plant ID', 81, '2026-05-12 04:07:22', '2026-05-12 04:07:22', NULL);

-- membuang struktur untuk table mdm_portal.processed_events
CREATE TABLE IF NOT EXISTS `processed_events` (
  `event_id` varchar(100) NOT NULL,
  `created_at` timestamp NULL DEFAULT CURRENT_TIMESTAMP,
  PRIMARY KEY (`event_id`)
) ENGINE=InnoDB DEFAULT CHARSET=latin1;

-- Membuang data untuk tabel mdm_portal.processed_events: ~0 rows (lebih kurang)

-- membuang struktur untuk table mdm_portal.request_detail_material
CREATE TABLE IF NOT EXISTS `request_detail_material` (
  `id` int NOT NULL AUTO_INCREMENT,
  `request_id` int NOT NULL,
  `numbering_scheme` varchar(50) DEFAULT NULL,
  `material_number` varchar(50) DEFAULT NULL,
  `description` varchar(255) NOT NULL,
  `description_alt` varchar(255) DEFAULT NULL,
  `uom` varchar(20) NOT NULL,
  `ext_material_group` varchar(50) NOT NULL,
  `material_group` varchar(50) NOT NULL,
  `material_type` varchar(50) NOT NULL,
  `vhs` varchar(50) DEFAULT NULL,
  `location` varchar(100) DEFAULT NULL,
  `val_class` varchar(50) DEFAULT NULL,
  `val_category` varchar(50) DEFAULT NULL,
  `purchasing_group` varchar(50) DEFAULT NULL,
  `mrp_controller` varchar(50) DEFAULT NULL,
  `price_control` char(1) CHARACTER SET latin1 COLLATE latin1_swedish_ci DEFAULT NULL,
  `profile_make` varchar(50) DEFAULT NULL,
  `profile_plan` varchar(50) DEFAULT NULL,
  `old_material_number` varchar(50) DEFAULT NULL,
  `egi` varchar(50) DEFAULT NULL,
  `cgi` varchar(50) DEFAULT NULL,
  `engine_type` varchar(50) DEFAULT NULL,
  `order_unit` varchar(20) DEFAULT NULL,
  `net_weight` decimal(15,3) DEFAULT NULL,
  `weight_unit` varchar(10) DEFAULT NULL,
  `max_stock_level` decimal(15,3) DEFAULT NULL,
  `min_lot_size` decimal(15,3) DEFAULT NULL,
  `max_lot_size` decimal(15,3) DEFAULT NULL,
  `fix_lot_size` decimal(15,3) DEFAULT NULL,
  `standard_price` decimal(18,2) DEFAULT NULL,
  `moving_price` decimal(18,2) DEFAULT NULL,
  `remarks` text,
  `status` varchar(50) NOT NULL DEFAULT 'PENDING',
  `reviewed_by` int DEFAULT NULL,
  `reviewed_at` datetime DEFAULT NULL,
  `reject_reason` varchar(255) DEFAULT NULL,
  `is_forwarded` tinyint(1) NOT NULL DEFAULT '0',
  `created_at` timestamp NOT NULL DEFAULT CURRENT_TIMESTAMP,
  `updated_at` timestamp NOT NULL DEFAULT CURRENT_TIMESTAMP ON UPDATE CURRENT_TIMESTAMP,
  `mig_counter` varchar(50) DEFAULT 'CURRENT_TIMESTAMP',
  `image_url` varchar(255) DEFAULT NULL,
  PRIMARY KEY (`id`),
  KEY `fk_rdm_request` (`request_id`),
  KEY `fk_rdm_reviewer` (`reviewed_by`),
  CONSTRAINT `fk_rdm_request` FOREIGN KEY (`request_id`) REFERENCES `request_header` (`id`),
  CONSTRAINT `fk_rdm_reviewer` FOREIGN KEY (`reviewed_by`) REFERENCES `users` (`id`)
) ENGINE=InnoDB AUTO_INCREMENT=296 DEFAULT CHARSET=latin1;

-- Membuang data untuk tabel mdm_portal.request_detail_material: ~181 rows (lebih kurang)
INSERT INTO `request_detail_material` (`id`, `request_id`, `numbering_scheme`, `material_number`, `description`, `description_alt`, `uom`, `ext_material_group`, `material_group`, `material_type`, `vhs`, `location`, `val_class`, `val_category`, `purchasing_group`, `mrp_controller`, `price_control`, `profile_make`, `profile_plan`, `old_material_number`, `egi`, `cgi`, `engine_type`, `order_unit`, `net_weight`, `weight_unit`, `max_stock_level`, `min_lot_size`, `max_lot_size`, `fix_lot_size`, `standard_price`, `moving_price`, `remarks`, `status`, `reviewed_by`, `reviewed_at`, `reject_reason`, `is_forwarded`, `created_at`, `updated_at`, `mig_counter`, `image_url`) VALUES
	(115, 26, 'MPN', '246-2648', 'TRANSFER GEAR', '', 'EA', 'CATERPILLAR', '311717', 'Z001', 'VHS', 'PV_40AB_40AB', 'M001 - Spareparts', '', 'COMPONENT', '012 - Stock TPN', 'C', 'V', 'PURCH_AS_REQ', 'PD_EX', '', '', 'CAT777E', '', NULL, '', NULL, NULL, NULL, NULL, NULL, NULL, '', 'APPROVED', 2, '2026-05-07 08:20:09', NULL, 0, '2026-04-29 04:32:46', '2026-05-07 01:20:09', 'CURRENT_TIMESTAMP', NULL),
	(116, 27, 'MPN', '195-22-75290', 'COVER', '', 'EA', 'KOMATSU', '401416', 'Z001', 'VHS', 'PV_40AB_40AB', 'M001 - Spareparts', '', 'SPAREPART', '012 - Stock TPN', 'C', 'V', 'PURCH_AS_REQ', 'PD_EX', '', '', 'D375A-6R', '', NULL, '', NULL, NULL, NULL, NULL, NULL, NULL, '', 'APPROVED', 2, '2026-05-07 08:30:36', NULL, 0, '2026-04-29 04:33:35', '2026-05-07 01:30:36', 'CURRENT_TIMESTAMP', NULL),
	(117, 28, 'MPN', '195-22-75290', 'COVER', '', 'EA', 'KOMATSU', '401416', 'Z001', 'VHS', 'PV_40AB_40AB', 'M001 - Spareparts', '', 'SPAREPART', '012 - Stock TPN', 'C', 'V', 'PURCH_AS_REQ', 'PD_EX', '', '', 'D375A-6R', '', NULL, '', NULL, NULL, NULL, NULL, NULL, NULL, '', 'REJECTED', 5, '2026-05-04 17:15:30', NULL, 1, '2026-04-29 04:34:37', '2026-05-04 10:15:30', 'CURRENT_TIMESTAMP', NULL),
	(118, 29, 'MPN', '195-22-75290', 'COVER', '', 'EA', 'KOMATSU', '401416', 'Z001', 'VHS', 'PV_40AB_40AB', 'M001 - Spareparts', '', 'SPAREPART', '012 - Stock TPN', 'C', '', '', '', '', '', '', '', NULL, '', NULL, NULL, NULL, NULL, NULL, NULL, '', 'REJECTED', 4, '2026-05-04 14:55:10', NULL, 1, '2026-04-29 04:35:21', '2026-05-04 07:55:10', 'CURRENT_TIMESTAMP', NULL),
	(119, 30, 'MPN', '246-2648', 'TRANSFER GEAR', '', 'EA', 'CATERPILLAR', '311717', 'Z001', 'VHS', 'PV_40AB_40AB', 'M001 - Spareparts', '', 'COMPONENT', '012 - Stock TPN', 'C', 'V', 'PURCH_AS_REQ', 'PD_EX', '', '', 'CAT777E', '', NULL, '', NULL, NULL, NULL, NULL, NULL, NULL, '', 'REJECTED', NULL, '2026-04-30 14:44:03', NULL, 0, '2026-04-29 04:37:36', '2026-05-05 10:19:50', 'CURRENT_TIMESTAMP', NULL),
	(120, 30, 'MPN', '9Z777BLZ', 'TURBOCHARGER BLANKET', '', 'EA', 'CATERPILLAR', '261017', 'Z001', 'VHS', 'PV_40AB_40AB', 'M001 - Spareparts', '', 'SPAREPART', '012 - Stock TPN', 'C', 'V', 'PURCH_AS_REQ', 'PD_EX', '', '', 'CAT777E', '', NULL, '', NULL, NULL, NULL, NULL, NULL, NULL, '', 'REJECTED', NULL, '2026-04-30 14:44:15', NULL, 0, '2026-04-29 04:37:36', '2026-05-05 10:19:50', 'CURRENT_TIMESTAMP', NULL),
	(121, 30, 'MPN', '704-30-34120', 'PUMP ASSEMBLY', '', 'EA', 'KOMATSU', '401515', 'Z001', 'VHS', 'PV_40AB_40AB', 'M001 - Spareparts', '', 'SPAREPART', '012 - Stock TPN', 'C', 'V', 'PURCH_AS_REQ', 'PD_EX', '', '', 'WA500-6R', '', NULL, '', NULL, NULL, NULL, NULL, NULL, NULL, '', 'REJECTED', NULL, '2026-04-30 14:44:18', NULL, 0, '2026-04-29 04:37:36', '2026-05-05 10:19:50', 'CURRENT_TIMESTAMP', NULL),
	(122, 30, 'MPN', '14X-22-00154', 'POWER TRAIN ASSEMBLY', '', 'EA', 'KOMATSU', '261115', 'Z001', 'VHS', 'PV_40AB_40AB', 'M001 - Spareparts', '', 'SPAREPART', '012 - Stock TPN', 'C', 'V', 'PURCH_AS_REQ', 'PD_EX', '', '', 'D85ESS-2', '', NULL, '', NULL, NULL, NULL, NULL, NULL, NULL, '', 'REJECTED', NULL, '2026-04-30 14:44:22', NULL, 0, '2026-04-29 04:37:36', '2026-05-05 10:19:50', 'CURRENT_TIMESTAMP', NULL),
	(123, 33, 'MPN', '14X-22-00154', 'POWER TRAIN ASSEMBLY', '', 'EA', 'KOMATSU', '261115', 'Z001', 'VHS', 'PV_40AB_40AB', 'M001 - Spareparts', 'SPAREPART', '012 - Stock TPN', 'COMPONENT & SPAREPART', 'V', 'PURCH_AS_REQ', 'PD_EX', '', 'D85ESS-2', '', '', '', NULL, '', NULL, NULL, NULL, NULL, NULL, 172001.00, 'Belum Terextend All Plant ID', 'APPROVED', 2, '2026-05-07 08:29:38', NULL, 0, '2026-05-05 09:55:28', '2026-05-07 01:29:38', 'CURRENT_TIMESTAMP', NULL),
	(124, 34, 'MPN', '195-22-75290', 'COVER', '', 'EA', 'KOMATSU', '401416', 'Z001', 'VHS', 'PV_40AB_40AB', 'M001 - Spareparts', 'SPAREPART', '012 - Stock TPN', 'COMPONENT & SPAREPART', 'V', 'PURCH_AS_REQ', 'PD_EX', '', 'D375A-6R', '', '', '', NULL, '', NULL, NULL, NULL, NULL, NULL, 357.00, 'Belum Terextend All Plant ID', 'APPROVED', 2, '2026-05-07 08:06:27', NULL, 0, '2026-05-05 09:59:51', '2026-05-07 01:06:27', 'CURRENT_TIMESTAMP', NULL),
	(125, 34, 'MPN', '14X-22-00154', 'POWER TRAIN ASSEMBLY', '', 'EA', 'KOMATSU', '261115', 'Z001', 'VHS', 'PV_40AB_40AB', 'M001 - Spareparts', 'SPAREPART', '012 - Stock TPN', 'COMPONENT & SPAREPART', 'V', 'PURCH_AS_REQ', 'PD_EX', '', 'D85ESS-2', '', '', '', NULL, '', NULL, NULL, NULL, NULL, NULL, 172001.00, 'Belum Terextend All Plant ID', 'APPROVED', 2, '2026-05-07 08:06:28', NULL, 0, '2026-05-05 09:59:51', '2026-05-07 01:06:28', 'CURRENT_TIMESTAMP', NULL),
	(126, 35, 'MPN', '246-2648', 'TRANSFER GEAR', '', 'EA', 'CATERPILLAR', '311717', 'Z001', 'VHS', 'PV_40AB_40AB', 'M001 - Spareparts', 'COMPONENT', '012 - Stock TPN', 'COMPONENT & SPAREPART', 'V', 'PURCH_AS_REQ', 'PD_EX', '', 'CAT777E', '', '', '', NULL, '', NULL, NULL, NULL, NULL, NULL, 31117.00, 'Belum Terextend All Plant ID', 'REJECTED', 2, '2026-05-06 07:53:14', NULL, 0, '2026-05-05 10:02:48', '2026-05-06 00:53:14', 'CURRENT_TIMESTAMP', NULL),
	(127, 35, 'MPN', '9Z777BLZ', 'TURBOCHARGER BLANKET', '', 'EA', 'CATERPILLAR', '261017', 'Z001', 'VHS', 'PV_40AB_40AB', 'M001 - Spareparts', 'SPAREPART', '012 - Stock TPN', 'COMPONENT & SPAREPART', 'V', 'PURCH_AS_REQ', 'PD_EX', '', 'CAT777E', '', '', '', NULL, '', NULL, NULL, NULL, NULL, NULL, 1075.00, 'Belum Terextend All Plant ID', 'REJECTED', 2, '2026-05-06 07:56:50', NULL, 0, '2026-05-05 10:02:48', '2026-05-06 00:56:50', 'CURRENT_TIMESTAMP', NULL),
	(128, 35, 'MPN', '704-30-34120', 'PUMP ASSEMBLY', '', 'EA', 'KOMATSU', '401515', 'Z001', 'VHS', 'PV_40AB_40AB', 'M001 - Spareparts', 'SPAREPART', '012 - Stock TPN', 'COMPONENT & SPAREPART', 'V', 'PURCH_AS_REQ', 'PD_EX', '', 'WA500-6R', '', '', '', NULL, '', NULL, NULL, NULL, NULL, NULL, 3504.00, 'Belum Terextend All Plant ID', 'REJECTED', 2, '2026-05-06 07:56:53', NULL, 0, '2026-05-05 10:02:48', '2026-05-06 00:56:53', 'CURRENT_TIMESTAMP', NULL),
	(129, 35, 'MPN', '99707015601', 'O-RING', '', 'EA', 'TADANO', '314015', 'Z001', 'VHS', 'PV_40AB_40AB', 'M001 - Spareparts', 'SPAREPART', '012 - Stock TPN', 'COMPONENT & SPAREPART', 'V', 'PURCH_AS_REQ', 'PD_EX', '', 'ATF110', '', '', '', NULL, '', NULL, NULL, NULL, NULL, NULL, 19.00, 'Belum Terextend All Plant ID', 'REJECTED', 2, '2026-05-06 07:56:56', NULL, 0, '2026-05-05 10:02:48', '2026-05-06 00:56:56', 'CURRENT_TIMESTAMP', NULL),
	(130, 35, 'MPN', '2650495860', 'SEAL SHAFT', '', 'EA', 'ATLASCOPCO', '401517', 'Z001', 'VHS', 'PV_40AB_40AB', 'M001 - Spareparts', 'SPAREPART', '012 - Stock TPN', 'COMPONENT & SPAREPART', 'V', 'PURCH_AS_REQ', 'PD_EX', '', 'DM30', '', '', '', NULL, '', NULL, NULL, NULL, NULL, NULL, 180.00, 'Belum Terextend All Plant ID', 'REJECTED', 2, '2026-05-06 07:56:59', NULL, 0, '2026-05-05 10:02:48', '2026-05-06 00:56:59', 'CURRENT_TIMESTAMP', NULL),
	(131, 35, 'MPN', '195-22-75290', 'COVER', '', 'EA', 'KOMATSU', '401416', 'Z001', 'VHS', 'PV_40AB_40AB', 'M001 - Spareparts', 'SPAREPART', '012 - Stock TPN', 'COMPONENT & SPAREPART', 'V', 'PURCH_AS_REQ', 'PD_EX', '', 'D375A-6R', '', '', '', NULL, '', NULL, NULL, NULL, NULL, NULL, 357.00, 'Belum Terextend All Plant ID', 'APPROVED', 2, '2026-05-06 07:57:00', NULL, 0, '2026-05-05 10:02:48', '2026-05-06 00:57:00', 'CURRENT_TIMESTAMP', NULL),
	(132, 35, 'MPN', '14X-22-00154', 'POWER TRAIN ASSEMBLY', '', 'EA', 'KOMATSU', '261115', 'Z001', 'VHS', 'PV_40AB_40AB', 'M001 - Spareparts', 'SPAREPART', '012 - Stock TPN', 'COMPONENT & SPAREPART', 'V', 'PURCH_AS_REQ', 'PD_EX', '', 'D85ESS-2', '', '', '', NULL, '', NULL, NULL, NULL, NULL, NULL, 172001.00, 'Belum Terextend All Plant ID', 'APPROVED', 2, '2026-05-06 07:57:03', NULL, 0, '2026-05-05 10:02:48', '2026-05-06 00:57:03', 'CURRENT_TIMESTAMP', NULL),
	(133, 36, 'MPN', '195-22-75290', 'COVER', '', 'EA', 'KOMATSU', '401416', 'Z001', 'VHS', 'PV_40AB_40AB', 'M001 - Spareparts', 'SPAREPART', '012 - Stock TPN', 'COMPONENT & SPAREPART', 'V', 'PURCH_AS_REQ', 'PD_EX', '', 'D375A-6R', '', '', '', NULL, '', NULL, NULL, NULL, NULL, NULL, 357.00, 'Belum Terextend All Plant ID', 'REJECTED', 4, '2026-05-06 08:04:15', NULL, 0, '2026-05-05 10:04:58', '2026-05-06 01:04:15', 'CURRENT_TIMESTAMP', NULL),
	(134, 36, 'MPN', '14X-22-00154', 'POWER TRAIN ASSEMBLY', '', 'EA', 'KOMATSU', '261115', 'Z001', 'VHS', 'PV_40AB_40AB', 'M001 - Spareparts', 'SPAREPART', '012 - Stock TPN', 'COMPONENT & SPAREPART', 'V', 'PURCH_AS_REQ', 'PD_EX', '', 'D85ESS-2', '', '', '', NULL, '', NULL, NULL, NULL, NULL, NULL, 172001.00, 'Belum Terextend All Plant ID', 'REJECTED', 4, '2026-05-06 08:04:15', NULL, 0, '2026-05-05 10:04:58', '2026-05-06 01:04:15', 'CURRENT_TIMESTAMP', NULL),
	(135, 37, 'MPN', '14X-22-00154', 'tessssssssssssssssssssssss', '', 'EA', 'KOMATSU', '261115', 'Z001', 'VHS', 'PV_40AB_40AB', 'M001 - Spareparts', 'SPAREPART', '012 - Stock TPN', 'COMPONENT & SPAREPART', 'V', 'PURCH_AS_REQ', 'PD_EX', '', 'D85ESS-2', '', '', '', NULL, '', NULL, NULL, NULL, NULL, NULL, 172001.00, 'Belum Terextend All Plant ID', 'APPROVED', 2, '2026-05-05 17:31:17', NULL, 1, '2026-05-05 10:15:14', '2026-05-05 10:31:26', 'CURRENT_TIMESTAMP', NULL),
	(136, 38, 'MPN', '14X-22-00154', 'POWER TRAIN ASSEMBLY', '', 'EA', 'KOMATSU', '261115', 'Z001', 'VHS', 'PV_40AB_40AB', 'M001 - Spareparts', 'SPAREPART', '012 - Stock TPN', 'COMPONENT & SPAREPART', 'V', 'PURCH_AS_REQ', 'PD_EX', '', 'D85ESS-2', '', '', '', NULL, '', NULL, NULL, NULL, NULL, NULL, 172001.00, 'Belum Terextend All Plant ID', 'APPROVED', 2, '2026-05-05 17:47:12', NULL, 1, '2026-05-05 10:45:50', '2026-05-05 10:47:17', 'CURRENT_TIMESTAMP', NULL),
	(137, 39, 'MPN', '195-22-75290', 'COVER', '', 'EA', 'KOMATSU', '401416', 'Z001', 'VHS', 'PV_40AB_40AB', 'M001 - Spareparts', 'SPAREPART', '012 - Stock TPN', 'COMPONENT & SPAREPART', 'V', 'PURCH_AS_REQ', 'PD_EX', '', 'D375A-6R', '', '', '', NULL, '', NULL, NULL, NULL, NULL, NULL, 357.00, 'Belum Terextend All Plant ID', 'APPROVED', 2, '2026-05-07 08:55:06', NULL, 0, '2026-05-07 01:54:47', '2026-05-07 01:55:06', 'CURRENT_TIMESTAMP', NULL),
	(138, 40, 'MPN', '99707015601', 'O-RING', '', 'EA', 'TADANO', '314015', 'Z001', 'VHS', 'PV_40AB_40AB', 'M001 - Spareparts', 'SPAREPART', '012 - Stock TPN', 'COMPONENT & SPAREPART', 'V', 'PURCH_AS_REQ', 'PD_EX', '', 'ATF110', '', '', '', NULL, '', NULL, NULL, NULL, NULL, NULL, 19.00, 'Belum Terextend All Plant ID', 'APPROVED', 2, '2026-05-07 09:04:39', NULL, 0, '2026-05-07 02:03:54', '2026-05-07 02:04:39', 'CURRENT_TIMESTAMP', NULL),
	(139, 41, 'MPN', '14X-22-00154', 'POWER TRAIN ASSEMBLY', '', 'EA', 'KOMATSU', '261115', 'Z001', 'VHS', 'PV_40AB_40AB', 'M001 - Spareparts', 'SPAREPART', '012 - Stock TPN', 'COMPONENT & SPAREPART', 'V', 'Belum Terextend All Plant ID', '', '', '', '', '', '', NULL, '', NULL, NULL, NULL, NULL, NULL, NULL, '', 'APPROVED', 2, '2026-05-07 09:04:26', NULL, 0, '2026-05-07 02:04:12', '2026-05-07 02:04:26', 'CURRENT_TIMESTAMP', NULL),
	(140, 42, 'MPN', '14X-22-00154', 'POWER TRAIN ASSEMBLY', '', 'EA', 'KOMATSU', '261115', 'Z001', 'VHS', 'PV_40AB_40AB', 'M001 - Spareparts', 'SPAREPART', '012 - Stock TPN', 'COMPONENT & SPAREPART', 'V', 'PURCH_AS_REQ', 'PD_EX', '', 'D85ESS-2', '', '', '', NULL, '', NULL, NULL, NULL, NULL, NULL, 172001.00, 'Belum Terextend All Plant ID', 'APPROVED', 2, '2026-05-07 09:17:14', NULL, 0, '2026-05-07 02:16:21', '2026-05-07 02:17:14', 'CURRENT_TIMESTAMP', NULL),
	(141, 43, 'MPN', '14X-22-00154', 'POWER TRAIN ASSEMBLY', '', 'EA', 'KOMATSU', '261115', 'Z001', 'VHS', 'PV_40AB_40AB', 'M001 - Spareparts', 'SPAREPART', '012 - Stock TPN', 'COMPONENT & SPAREPART', 'V', 'PURCH_AS_REQ', 'PD_EX', '', 'D85ESS-2', '', '', '', NULL, '', NULL, NULL, NULL, NULL, NULL, 172001.00, 'Belum Terextend All Plant ID', 'APPROVED', 2, '2026-05-07 09:16:55', NULL, 0, '2026-05-07 02:16:38', '2026-05-07 02:16:55', 'CURRENT_TIMESTAMP', NULL),
	(142, 44, 'MPN', '99707015601', 'O-RING', '', 'EA', 'TADANO', '314015', 'Z001', 'VHS', 'PV_40AB_40AB', 'M001 - Spareparts', 'SPAREPART', '012 - Stock TPN', 'COMPONENT & SPAREPART', 'V', 'PURCH_AS_REQ', 'PD_EX', '', 'ATF110', '', '', '', NULL, '', NULL, NULL, NULL, NULL, NULL, 19.00, 'Belum Terextend All Plant ID', 'APPROVED', 2, '2026-05-07 10:11:50', NULL, 0, '2026-05-07 03:10:56', '2026-05-07 03:11:50', 'CURRENT_TIMESTAMP', NULL),
	(143, 45, 'MPN', '195-22-75290', 'COVER', '', 'EA', 'KOMATSU', '401416', 'Z001', 'VHS', 'PV_40AB_40AB', 'M001 - Spareparts', 'SPAREPART', '012 - Stock TPN', 'COMPONENT & SPAREPART', 'V', 'PURCH_AS_REQ', 'PD_EX', '', 'D375A-6R', '', '', '', NULL, '', NULL, NULL, NULL, NULL, NULL, 357.00, 'Belum Terextend All Plant ID', 'APPROVED', 2, '2026-05-07 10:11:37', NULL, 0, '2026-05-07 03:11:15', '2026-05-07 03:11:37', 'CURRENT_TIMESTAMP', NULL),
	(144, 46, 'MPN', '704-30-34120', 'PUMP ASSEMBLY', '', 'EA', 'KOMATSU', '401515', 'Z001', 'VHS', 'PV_40AB_40AB', 'M001 - Spareparts', 'SPAREPART', '012 - Stock TPN', 'COMPONENT & SPAREPART', 'V', 'PURCH_AS_REQ', 'PD_EX', '', 'WA500-6R', '', '', '', NULL, '', NULL, NULL, NULL, NULL, NULL, 3504.00, 'Belum Terextend All Plant ID', 'APPROVED', 2, '2026-05-07 13:18:53', NULL, 0, '2026-05-07 03:30:02', '2026-05-07 06:18:53', 'CURRENT_TIMESTAMP', NULL),
	(145, 47, '3333333333333', '33333333333333', 'TESSSSSSSSSSS111238899', '', '333333333333', '33333333333', '3333333333333', '3333333333333', '', '', '', '', '', '', '', '', '', '', '', '', '', '', NULL, '', NULL, NULL, NULL, NULL, NULL, NULL, '', 'APPROVED', 2, '2026-05-07 14:50:13', NULL, 0, '2026-05-07 07:48:52', '2026-05-07 07:50:13', 'CURRENT_TIMESTAMP', NULL),
	(146, 48, 'QQQ', 'QQ', 'TESSSSSSSSSSS111238899QQ', '', 'QQQ', 'Q', 'QQQ', 'QQQQ', '', '', '', '', '', '', '', '', '', '', '', '', '', '', NULL, '', NULL, NULL, NULL, NULL, NULL, NULL, '', 'APPROVED', 2, '2026-05-07 14:49:34', NULL, 0, '2026-05-07 07:49:17', '2026-05-07 07:49:34', 'CURRENT_TIMESTAMP', NULL),
	(147, 49, 'MPN', '14X-22-00154', 'POWER TRAIN ASSEMBLY', '', 'EA', 'KOMATSU', '261115', 'Z001', 'VHS', 'PV_40AB_40AB', 'M001 - Spareparts', 'SPAREPART', '012 - Stock TPN', 'COMPONENT & SPAREPART', 'V', 'PURCH_AS_REQ', 'PD_EX', '', 'D85ESS-2', '', '', '', NULL, '', NULL, NULL, NULL, NULL, NULL, 172001.00, 'Belum Terextend All Plant ID', 'APPROVED', 2, '2026-05-07 15:16:37', NULL, 0, '2026-05-07 08:16:20', '2026-05-07 08:16:37', 'CURRENT_TIMESTAMP', NULL),
	(148, 49, 'QQQQQQQ', 'QQQQQQQQQQQ', 'TES XML TERAKHIR FLISS', '', '11', '11', '11', '11', '', '', '', '', '', '', '', '', '', '', '', '', '', '', NULL, '', NULL, NULL, NULL, NULL, NULL, NULL, '', 'APPROVED', 2, '2026-05-07 15:16:39', NULL, 0, '2026-05-07 08:16:20', '2026-05-07 08:16:39', 'CURRENT_TIMESTAMP', NULL),
	(149, 50, 'MPN', '246-2648', 'TRANSFER GEAR', '', 'EA', 'CATERPILLAR', '311717', 'Z001', 'VHS', 'PV_40AB_40AB', 'M001 - Spareparts', 'COMPONENT', '012 - Stock TPN', 'COMPONENT & SPAREPART', 'V', 'PURCH_AS_REQ', 'PD_EX', '', 'CAT777E', '', '', '', NULL, '', NULL, NULL, NULL, NULL, NULL, 31117.00, 'Belum Terextend All Plant ID', 'APPROVED', 2, '2026-05-07 15:28:42', NULL, 0, '2026-05-07 08:28:27', '2026-05-07 08:28:42', 'CURRENT_TIMESTAMP', NULL),
	(150, 50, 'MPN', '9Z777BLZ', 'TURBOCHARGER BLANKET', '', 'EA', 'CATERPILLAR', '261017', 'Z001', 'VHS', 'PV_40AB_40AB', 'M001 - Spareparts', 'SPAREPART', '012 - Stock TPN', 'COMPONENT & SPAREPART', 'V', 'PURCH_AS_REQ', 'PD_EX', '', 'CAT777E', '', '', '', NULL, '', NULL, NULL, NULL, NULL, NULL, 1075.00, 'Belum Terextend All Plant ID', 'APPROVED', 2, '2026-05-07 15:28:43', NULL, 0, '2026-05-07 08:28:27', '2026-05-07 08:28:43', 'CURRENT_TIMESTAMP', NULL),
	(151, 50, 'MPN', '704-30-34120', 'PUMP ASSEMBLY', '', 'EA', 'KOMATSU', '401515', 'Z001', 'VHS', 'PV_40AB_40AB', 'M001 - Spareparts', 'SPAREPART', '012 - Stock TPN', 'COMPONENT & SPAREPART', 'V', 'PURCH_AS_REQ', 'PD_EX', '', 'WA500-6R', '', '', '', NULL, '', NULL, NULL, NULL, NULL, NULL, 3504.00, 'Belum Terextend All Plant ID', 'APPROVED', 2, '2026-05-07 15:28:50', NULL, 0, '2026-05-07 08:28:27', '2026-05-07 08:28:50', 'CURRENT_TIMESTAMP', NULL),
	(152, 50, 'MPN', '626F-C0-0020', 'KATSU', '', 'EA', 'KOMATSU', '261017', 'Z001', 'VHS', 'PV_40AB_40AB', 'M001 - Spareparts', 'COMPONENT', '012 - Stock TPN', 'COMPONENT & SPAREPART', 'V', 'PURCH_AS_REQ', 'PD_EX', '', 'WA900-8R', '', '', '', NULL, '', NULL, NULL, NULL, NULL, NULL, 297000.00, 'Belum Terextend All Plant ID', 'APPROVED', 2, '2026-05-07 15:28:49', NULL, 0, '2026-05-07 08:28:27', '2026-05-07 08:28:49', 'CURRENT_TIMESTAMP', NULL),
	(153, 50, 'MPN', '99707015601', 'O-RING', '', 'EA', 'TADANO', '314015', 'Z001', 'VHS', 'PV_40AB_40AB', 'M001 - Spareparts', 'SPAREPART', '012 - Stock TPN', 'COMPONENT & SPAREPART', 'V', 'PURCH_AS_REQ', 'PD_EX', '', 'ATF110', '', '', '', NULL, '', NULL, NULL, NULL, NULL, NULL, 19.00, 'Belum Terextend All Plant ID', 'APPROVED', 2, '2026-05-07 15:28:51', NULL, 0, '2026-05-07 08:28:27', '2026-05-07 08:28:51', 'CURRENT_TIMESTAMP', NULL),
	(154, 50, 'MPN', '2650495860', 'SEAL SHAFT', '', 'EA', 'ATLASCOPCO', '401517', 'Z001', 'VHS', 'PV_40AB_40AB', 'M001 - Spareparts', 'SPAREPART', '012 - Stock TPN', 'COMPONENT & SPAREPART', 'V', 'PURCH_AS_REQ', 'PD_EX', '', 'DM30', '', '', '', NULL, '', NULL, NULL, NULL, NULL, NULL, 180.00, 'Belum Terextend All Plant ID', 'REJECTED', 2, '2026-05-07 15:28:57', NULL, 0, '2026-05-07 08:28:27', '2026-05-07 08:28:57', 'CURRENT_TIMESTAMP', NULL),
	(155, 50, 'MPN', '195-22-75290', 'COVER', '', 'EA', 'KOMATSU', '401416', 'Z001', 'VHS', 'PV_40AB_40AB', 'M001 - Spareparts', 'SPAREPART', '012 - Stock TPN', 'COMPONENT & SPAREPART', 'V', 'PURCH_AS_REQ', 'PD_EX', '', 'D375A-6R', '', '', '', NULL, '', NULL, NULL, NULL, NULL, NULL, 357.00, 'Belum Terextend All Plant ID', 'APPROVED', 2, '2026-05-07 15:28:45', NULL, 0, '2026-05-07 08:28:27', '2026-05-07 08:28:45', 'CURRENT_TIMESTAMP', NULL),
	(156, 50, 'MPN', '14X-22-00154', 'POWER TRAIN ASSEMBLY', '', 'EA', 'KOMATSU', '261115', 'Z001', 'VHS', 'PV_40AB_40AB', 'M001 - Spareparts', 'SPAREPART', '012 - Stock TPN', 'COMPONENT & SPAREPART', 'V', 'PURCH_AS_REQ', 'PD_EX', '', 'D85ESS-2', '', '', '', NULL, '', NULL, NULL, NULL, NULL, NULL, 172001.00, 'Belum Terextend All Plant ID', 'APPROVED', 2, '2026-05-07 15:28:48', NULL, 0, '2026-05-07 08:28:27', '2026-05-07 08:28:48', 'CURRENT_TIMESTAMP', NULL),
	(157, 51, 'MPN', '9Z777BLZ', 'TURBOCHARGER BLANKET', '', 'EA', 'CATERPILLAR', '261017', 'Z001', 'VHS', 'PV_40AB_40AB', 'M001 - Spareparts', 'SPAREPART', '012 - Stock TPN', 'COMPONENT & SPAREPART', 'V', 'PURCH_AS_REQ', 'PD_EX', '', 'CAT777E', '', '', '', NULL, '', NULL, NULL, NULL, NULL, NULL, 1075.00, 'Belum Terextend All Plant ID', 'APPROVED', 2, '2026-05-07 15:33:18', NULL, 0, '2026-05-07 08:32:38', '2026-05-07 08:33:18', 'CURRENT_TIMESTAMP', NULL),
	(158, 51, 'MPN', '704-30-34120', 'PUMP ASSEMBLY', '', 'EA', 'KOMATSU', '401515', 'Z001', 'VHS', 'PV_40AB_40AB', 'M001 - Spareparts', 'SPAREPART', '012 - Stock TPN', 'COMPONENT & SPAREPART', 'V', 'PURCH_AS_REQ', 'PD_EX', '', 'WA500-6R', '', '', '', NULL, '', NULL, NULL, NULL, NULL, NULL, 3504.00, 'Belum Terextend All Plant ID', 'APPROVED', 2, '2026-05-07 15:33:20', NULL, 0, '2026-05-07 08:32:38', '2026-05-07 08:33:20', 'CURRENT_TIMESTAMP', NULL),
	(159, 51, 'MPN', '99707015601', 'O-RING', '', 'EA', 'TADANO', '314015', 'Z001', 'VHS', 'PV_40AB_40AB', 'M001 - Spareparts', 'SPAREPART', '012 - Stock TPN', 'COMPONENT & SPAREPART', 'V', 'PURCH_AS_REQ', 'PD_EX', '', 'ATF110', '', '', '', NULL, '', NULL, NULL, NULL, NULL, NULL, 19.00, 'Belum Terextend All Plant ID', 'APPROVED', 2, '2026-05-07 15:33:22', NULL, 0, '2026-05-07 08:32:38', '2026-05-07 08:33:22', 'CURRENT_TIMESTAMP', NULL),
	(160, 51, 'MPN', '2650495860', 'SEAL SHAFT', '', 'EA', 'ATLASCOPCO', '401517', 'Z001', 'VHS', 'PV_40AB_40AB', 'M001 - Spareparts', 'SPAREPART', '012 - Stock TPN', 'COMPONENT & SPAREPART', 'V', 'PURCH_AS_REQ', 'PD_EX', '', 'DM30', '', '', '', NULL, '', NULL, NULL, NULL, NULL, NULL, 180.00, 'Belum Terextend All Plant ID', 'APPROVED', 2, '2026-05-07 15:33:23', NULL, 0, '2026-05-07 08:32:38', '2026-05-07 08:33:23', 'CURRENT_TIMESTAMP', NULL),
	(161, 51, 'MPN', '195-22-75290', 'COVER', '', 'EA', 'KOMATSU', '401416', 'Z001', 'VHS', 'PV_40AB_40AB', 'M001 - Spareparts', 'SPAREPART', '012 - Stock TPN', 'COMPONENT & SPAREPART', 'V', 'PURCH_AS_REQ', 'PD_EX', '', 'D375A-6R', '', '', '', NULL, '', NULL, NULL, NULL, NULL, NULL, 357.00, 'Belum Terextend All Plant ID', 'APPROVED', 2, '2026-05-07 15:33:26', NULL, 0, '2026-05-07 08:32:38', '2026-05-07 08:33:26', 'CURRENT_TIMESTAMP', NULL),
	(162, 51, 'MPN', '14X-22-00154', 'POWER TRAIN ASSEMBLY', '', 'EA', 'KOMATSU', '261115', 'Z001', 'VHS', 'PV_40AB_40AB', 'M001 - Spareparts', 'SPAREPART', '012 - Stock TPN', 'COMPONENT & SPAREPART', 'V', 'PURCH_AS_REQ', 'PD_EX', '', 'D85ESS-2', '', '', '', NULL, '', NULL, NULL, NULL, NULL, NULL, 172001.00, 'Belum Terextend All Plant ID', 'REJECTED', 2, '2026-05-07 15:33:30', NULL, 0, '2026-05-07 08:32:38', '2026-05-07 08:33:30', 'CURRENT_TIMESTAMP', NULL),
	(163, 52, 'MPN', '246-2648', 'TRANSFER GEAR', '', 'EA', 'CATERPILLAR', '311717', 'Z001', 'VHS', 'PV_40AB_40AB', 'M001 - Spareparts', 'COMPONENT', '012 - Stock TPN', 'COMPONENT & SPAREPART', 'V', 'PURCH_AS_REQ', 'PD_EX', '', 'CAT777E', '', '', '', NULL, '', NULL, NULL, NULL, NULL, NULL, 31117.00, 'Belum Terextend All Plant ID', 'APPROVED', 2, '2026-05-07 16:31:20', NULL, 0, '2026-05-07 09:31:05', '2026-05-07 09:31:20', 'CURRENT_TIMESTAMP', NULL),
	(164, 53, 'MPN', '195-22-752908', 'TESSSS', '', 'EA', 'KOMATSU', '401416', 'Z001', 'VHS', 'PV_40AB_40AB', 'M001 - Spareparts', 'SPAREPART', '012 - Stock TPN', 'COMPONENT & SPAREPART', 'V', 'PURCH_AS_REQ', 'PD_EX', '', 'D375A-6R', '', '', '', NULL, '', NULL, NULL, NULL, NULL, NULL, 357.00, 'Belum Terextend All Plant ID', 'APPROVED', 2, '2026-05-08 09:12:38', NULL, 0, '2026-05-08 02:12:22', '2026-05-08 02:12:38', 'CURRENT_TIMESTAMP', NULL),
	(165, 53, 'MPN', '14X-22-00154', 'POWER TRAIN ASSEMBLY', '', 'EA', 'KOMATSU', '261115', 'Z001', 'VHS', 'PV_40AB_40AB', 'M001 - Spareparts', 'SPAREPART', '012 - Stock TPN', 'COMPONENT & SPAREPART', 'V', 'PURCH_AS_REQ', 'PD_EX', '', 'D85ESS-2', '', '', '', NULL, '', NULL, NULL, NULL, NULL, NULL, 172001.00, 'Belum Terextend All Plant ID', 'APPROVED', 2, '2026-05-08 09:12:40', NULL, 0, '2026-05-08 02:12:22', '2026-05-08 02:12:40', 'CURRENT_TIMESTAMP', NULL),
	(166, 54, 'WWW', 'W', 'TES FINAL 1', '', 'WWWWWWWWW', 'WWWWWWWWWWWWW', 'WWWWWWWWWWWWWWW', 'WWWWWWWWWWWWWW', '', '', '', '', '', '', '', '', '', '', '', '', '', '', NULL, '', NULL, NULL, NULL, NULL, NULL, NULL, '', 'APPROVED', 2, '2026-05-08 09:30:11', NULL, 0, '2026-05-08 02:16:36', '2026-05-08 02:30:11', 'CURRENT_TIMESTAMP', NULL),
	(167, 55, 'MPN', '1234', 'TES LAGI 222', '', '22', '22', '2222', '222', '', '', '', '', '', '', '', '', '', '', '', '', '', '', NULL, '', NULL, NULL, NULL, NULL, NULL, NULL, '', 'APPROVED', 2, '2026-05-08 09:20:59', NULL, 0, '2026-05-08 02:20:37', '2026-05-08 02:20:59', 'CURRENT_TIMESTAMP', NULL),
	(168, 56, 'TES 3', 'TES 3', 'TES 3', '', 'TES 3', 'TES 3', 'V', 'TES 3', '', '', '', '', '', '', '', '', '', '', '', '', '', '', NULL, '', NULL, NULL, NULL, NULL, NULL, NULL, '', 'APPROVED', 2, '2026-05-08 09:31:27', NULL, 0, '2026-05-08 02:30:48', '2026-05-08 02:31:27', 'CURRENT_TIMESTAMP', NULL),
	(169, 57, 'TES 5', 'TES 5', 'TES 5', '', 'TES 5', 'TES 5', 'TES 5', 'TES 5', '', '', '', '', '', '', '', '', '', '', '', '', '', '', NULL, '', NULL, NULL, NULL, NULL, NULL, NULL, '', 'APPROVED', 2, '2026-05-08 09:31:41', NULL, 0, '2026-05-08 02:31:09', '2026-05-08 02:31:41', 'CURRENT_TIMESTAMP', NULL),
	(170, 58, 'MPN', '246-2648', 'TRANSFER GEAR', '', 'EA', 'CATERPILLAR', '311717', 'Z001', 'VHS', 'PV_40AB_40AB', 'M001 - Spareparts', 'COMPONENT', '012 - Stock TPN', 'COMPONENT & SPAREPART', 'V', 'PURCH_AS_REQ', 'PD_EX', '', 'CAT777E', '', '', '', NULL, '', NULL, NULL, NULL, NULL, NULL, 31117.00, 'Belum Terextend All Plant ID', 'APPROVED', 2, '2026-05-08 09:49:11', NULL, 0, '2026-05-08 02:48:13', '2026-05-08 02:49:11', 'CURRENT_TIMESTAMP', NULL),
	(171, 58, 'MPN', '9Z777BLZ', 'TURBOCHARGER BLANKET', '', 'EA', 'CATERPILLAR', '261017', 'Z001', 'VHS', 'PV_40AB_40AB', 'M001 - Spareparts', 'SPAREPART', '012 - Stock TPN', 'COMPONENT & SPAREPART', 'V', 'PURCH_AS_REQ', 'PD_EX', '', 'CAT777E', '', '', '', NULL, '', NULL, NULL, NULL, NULL, NULL, 1075.00, 'Belum Terextend All Plant ID', 'APPROVED', 2, '2026-05-08 09:49:10', NULL, 0, '2026-05-08 02:48:13', '2026-05-08 02:49:10', 'CURRENT_TIMESTAMP', NULL),
	(172, 58, 'MPN', '704-30-34120', 'PUMP ASSEMBLY', '', 'EA', 'KOMATSU', '401515', 'Z001', 'VHS', 'PV_40AB_40AB', 'M001 - Spareparts', 'SPAREPART', '012 - Stock TPN', 'COMPONENT & SPAREPART', 'V', 'PURCH_AS_REQ', 'PD_EX', '', 'WA500-6R', '', '', '', NULL, '', NULL, NULL, NULL, NULL, NULL, 3504.00, 'Belum Terextend All Plant ID', 'APPROVED', 2, '2026-05-08 09:49:12', NULL, 0, '2026-05-08 02:48:13', '2026-05-08 02:49:12', 'CURRENT_TIMESTAMP', NULL),
	(173, 58, 'MPN', '99707015601', 'O-RING', '', 'EA', 'TADANO', '314015', 'Z001', 'VHS', 'PV_40AB_40AB', 'M001 - Spareparts', 'SPAREPART', '012 - Stock TPN', 'COMPONENT & SPAREPART', 'V', 'PURCH_AS_REQ', 'PD_EX', '', 'ATF110', '', '', '', NULL, '', NULL, NULL, NULL, NULL, NULL, 19.00, 'Belum Terextend All Plant ID', 'APPROVED', 2, '2026-05-08 09:49:13', NULL, 0, '2026-05-08 02:48:13', '2026-05-08 02:49:13', 'CURRENT_TIMESTAMP', NULL),
	(174, 58, 'MPN', '2650495860', 'SEAL SHAFT', '', 'EA', 'ATLASCOPCO', '401517', 'Z001', 'VHS', 'PV_40AB_40AB', 'M001 - Spareparts', 'SPAREPART', '012 - Stock TPN', 'COMPONENT & SPAREPART', 'V', 'PURCH_AS_REQ', 'PD_EX', '', 'DM30', '', '', '', NULL, '', NULL, NULL, NULL, NULL, NULL, 180.00, 'Belum Terextend All Plant ID', 'APPROVED', 2, '2026-05-08 09:49:14', NULL, 0, '2026-05-08 02:48:13', '2026-05-08 02:49:14', 'CURRENT_TIMESTAMP', NULL),
	(175, 58, 'MPN', '195-22-75290', 'COVER', '', 'EA', 'KOMATSU', '401416', 'Z001', 'VHS', 'PV_40AB_40AB', 'M001 - Spareparts', 'SPAREPART', '012 - Stock TPN', 'COMPONENT & SPAREPART', 'V', 'PURCH_AS_REQ', 'PD_EX', '', 'D375A-6R', '', '', '', NULL, '', NULL, NULL, NULL, NULL, NULL, 357.00, 'Belum Terextend All Plant ID', 'APPROVED', 2, '2026-05-08 09:49:10', NULL, 0, '2026-05-08 02:48:13', '2026-05-08 02:49:10', 'CURRENT_TIMESTAMP', NULL),
	(176, 58, 'MPN', '14X-22-00154', 'POWER TRAIN ASSEMBLY', '', 'EA', 'KOMATSU', '261115', 'Z001', 'VHS', 'PV_40AB_40AB', 'M001 - Spareparts', 'SPAREPART', '012 - Stock TPN', 'COMPONENT & SPAREPART', 'V', 'PURCH_AS_REQ', 'PD_EX', '', 'D85ESS-2', '', '', '', NULL, '', NULL, NULL, NULL, NULL, NULL, 172001.00, 'Belum Terextend All Plant ID', 'REJECTED', 2, '2026-05-08 09:49:08', NULL, 0, '2026-05-08 02:48:13', '2026-05-08 02:49:08', 'CURRENT_TIMESTAMP', NULL),
	(177, 59, 'MPN', '160505', '160505', '', '160505', '160505', '160505', '160505', '', '', '', '', '', '', '', '', '', '', '', '', '', '', NULL, '', NULL, NULL, NULL, NULL, NULL, NULL, '', 'APPROVED', 2, '2026-05-08 11:02:16', NULL, 0, '2026-05-08 04:02:00', '2026-05-08 04:02:16', 'CURRENT_TIMESTAMP', NULL),
	(178, 60, '1655555', '1655555', 'tTESSSSSSS', '', '1655555', '1655555', '1655555', 'D', '', '', '', '', '', '', '', '', '', '', '', '', '', '', NULL, '', NULL, NULL, NULL, NULL, NULL, NULL, '', 'APPROVED', 2, '2026-05-08 13:22:52', NULL, 0, '2026-05-08 06:22:30', '2026-05-08 06:22:52', 'CURRENT_TIMESTAMP', NULL),
	(179, 61, '13245217320', '13245217320', 'APP', '', '13245217320', '13245217320', '13245217320', '13245217320', '', '', '', '', '', '', '', '', '', '', '', '', '', '', NULL, '', NULL, NULL, NULL, NULL, NULL, NULL, '', 'APPROVED', 2, '2026-05-08 13:25:51', NULL, 0, '2026-05-08 06:25:21', '2026-05-08 06:25:51', 'CURRENT_TIMESTAMP', NULL),
	(180, 62, '333333333333333', '111111111111111112', 'UJI COBA YA', '', '11', '1', '314015', '3333333333333', '', '', '', '', '', '', '', '', '', '', '', '', '', '', NULL, '', NULL, NULL, NULL, NULL, NULL, NULL, '', 'APPROVED', 2, '2026-05-08 13:33:20', NULL, 0, '2026-05-08 06:33:05', '2026-05-08 06:33:20', 'CURRENT_TIMESTAMP', NULL),
	(181, 63, '1235554466', '1235554466', 'YYYYYYY', '', '1235554466', '1235554466', '1235554466', '1235554466', '', '', '', '', '', '', '', '', '', '', '', '', '', '', NULL, '', NULL, NULL, NULL, NULL, NULL, NULL, '', 'APPROVED', 2, '2026-05-08 14:03:02', NULL, 0, '2026-05-08 07:01:00', '2026-05-08 07:03:02', 'CURRENT_TIMESTAMP', NULL),
	(182, 64, 'MPN', '246-2648', 'TRANSFER GEAR', '', 'EA', 'CATERPILLAR', '311717', 'Z001', 'VHS', 'PV_40AB_40AB', 'M001 - Spareparts', 'COMPONENT', '012 - Stock TPN', 'COMPONENT & SPAREPART', 'V', 'PURCH_AS_REQ', 'PD_EX', '', 'CAT777E', '', '', '', NULL, '', NULL, NULL, NULL, NULL, NULL, 31117.00, 'Belum Terextend All Plant ID', 'APPROVED', 2, '2026-05-08 14:14:55', NULL, 0, '2026-05-08 07:14:33', '2026-05-08 07:14:55', 'CURRENT_TIMESTAMP', NULL),
	(183, 64, 'MPN', '9Z777BLZ', 'TURBOCHARGER BLANKET', '', 'EA', 'CATERPILLAR', '261017', 'Z001', 'VHS', 'PV_40AB_40AB', 'M001 - Spareparts', 'SPAREPART', '012 - Stock TPN', 'COMPONENT & SPAREPART', 'V', 'PURCH_AS_REQ', 'PD_EX', '', 'CAT777E', '', '', '', NULL, '', NULL, NULL, NULL, NULL, NULL, 1075.00, 'Belum Terextend All Plant ID', 'APPROVED', 2, '2026-05-08 14:14:54', NULL, 0, '2026-05-08 07:14:33', '2026-05-08 07:14:54', 'CURRENT_TIMESTAMP', NULL),
	(184, 64, 'MPN', '704-30-34120', 'PUMP ASSEMBLY', '', 'EA', 'KOMATSU', '401515', 'Z001', 'VHS', 'PV_40AB_40AB', 'M001 - Spareparts', 'SPAREPART', '012 - Stock TPN', 'COMPONENT & SPAREPART', 'V', 'PURCH_AS_REQ', 'PD_EX', '', 'WA500-6R', '', '', '', NULL, '', NULL, NULL, NULL, NULL, NULL, 3504.00, 'Belum Terextend All Plant ID', 'APPROVED', 2, '2026-05-08 14:15:06', NULL, 0, '2026-05-08 07:14:33', '2026-05-08 07:15:06', 'CURRENT_TIMESTAMP', NULL),
	(185, 64, 'MPN', '99707015601', 'O-RING', '', 'EA', 'TADANO', '314015', 'Z001', 'VHS', 'PV_40AB_40AB', 'M001 - Spareparts', 'SPAREPART', '012 - Stock TPN', 'COMPONENT & SPAREPART', 'V', 'PURCH_AS_REQ', 'PD_EX', '', 'ATF110', '', '', '', NULL, '', NULL, NULL, NULL, NULL, NULL, 19.00, 'Belum Terextend All Plant ID', 'APPROVED', 2, '2026-05-08 14:15:00', NULL, 0, '2026-05-08 07:14:33', '2026-05-08 07:15:00', 'CURRENT_TIMESTAMP', NULL),
	(186, 64, 'MPN', '2650495860', 'SEAL SHAFT', '', 'EA', 'ATLASCOPCO', '401517', 'Z001', 'VHS', 'PV_40AB_40AB', 'M001 - Spareparts', 'SPAREPART', '012 - Stock TPN', 'COMPONENT & SPAREPART', 'V', 'PURCH_AS_REQ', 'PD_EX', '', 'DM30', '', '', '', NULL, '', NULL, NULL, NULL, NULL, NULL, 180.00, 'Belum Terextend All Plant ID', 'APPROVED', 2, '2026-05-08 14:15:01', NULL, 0, '2026-05-08 07:14:33', '2026-05-08 07:15:01', 'CURRENT_TIMESTAMP', NULL),
	(187, 64, 'MPN', '195-22-75290', 'COVER', '', 'EA', 'KOMATSU', '401416', 'Z001', 'VHS', 'PV_40AB_40AB', 'M001 - Spareparts', 'SPAREPART', '012 - Stock TPN', 'COMPONENT & SPAREPART', 'V', 'PURCH_AS_REQ', 'PD_EX', '', 'D375A-6R', '', '', '', NULL, '', NULL, NULL, NULL, NULL, NULL, 357.00, 'Belum Terextend All Plant ID', 'APPROVED', 2, '2026-05-08 14:14:57', NULL, 0, '2026-05-08 07:14:33', '2026-05-08 07:14:57', 'CURRENT_TIMESTAMP', NULL),
	(188, 64, 'MPN', '14X-22-00154', 'POWER TRAIN ASSEMBLY', '', 'EA', 'KOMATSU', '261115', 'Z001', 'VHS', 'PV_40AB_40AB', 'M001 - Spareparts', 'SPAREPART', '012 - Stock TPN', 'COMPONENT & SPAREPART', 'V', 'PURCH_AS_REQ', 'PD_EX', '', 'D85ESS-2', '', '', '', NULL, '', NULL, NULL, NULL, NULL, NULL, 172001.00, 'Belum Terextend All Plant ID', 'APPROVED', 2, '2026-05-08 14:14:59', NULL, 0, '2026-05-08 07:14:33', '2026-05-08 07:14:59', 'CURRENT_TIMESTAMP', NULL),
	(189, 65, 'MPN', '246-2648', 'SYDEL', '', 'EM', '0000', 'EEEEEEEE', 'EEEEE', '', '', '', '', '', '', '', '', '', '', '', '', '', '', NULL, '', NULL, NULL, NULL, NULL, NULL, NULL, '', 'APPROVED', 2, '2026-05-08 14:39:26', NULL, 0, '2026-05-08 07:38:57', '2026-05-08 07:39:26', 'CURRENT_TIMESTAMP', NULL),
	(190, 65, 'tes ke 4', '3335', 'VANIA', '', 'WR', 'EEE', 'ERR', 'EEEEEE', '', '', '', '', '', '', '', '', '', '', '', '', '', '', NULL, '', NULL, NULL, NULL, NULL, NULL, NULL, '', 'APPROVED', 2, '2026-05-08 14:39:27', NULL, 0, '2026-05-08 07:38:57', '2026-05-08 07:39:27', 'CURRENT_TIMESTAMP', NULL),
	(191, 66, 'MPN', '246-2648', 'TRANSFER GEAR', '', 'EA', 'CATERPILLAR', '311717', 'Z001', 'VHS', 'PV_40AB_40AB', 'M001 - Spareparts', 'COMPONENT', '012 - Stock TPN', 'COMPONENT & SPAREPART', 'V', 'PURCH_AS_REQ', 'PD_EX', '', 'CAT777E', '', '', '', NULL, '', NULL, NULL, NULL, NULL, NULL, 31117.00, 'Belum Terextend All Plant ID', 'APPROVED', 2, '2026-05-08 14:46:32', NULL, 0, '2026-05-08 07:46:13', '2026-05-08 07:46:32', 'CURRENT_TIMESTAMP', NULL),
	(192, 66, 'MPN', '9Z777BLZ', 'TURBOCHARGER BLANKET', '', 'EA', 'CATERPILLAR', '261017', 'Z001', 'VHS', 'PV_40AB_40AB', 'M001 - Spareparts', 'SPAREPART', '012 - Stock TPN', 'COMPONENT & SPAREPART', 'V', 'PURCH_AS_REQ', 'PD_EX', '', 'CAT777E', '', '', '', NULL, '', NULL, NULL, NULL, NULL, NULL, 1075.00, 'Belum Terextend All Plant ID', 'APPROVED', 2, '2026-05-08 14:46:33', NULL, 0, '2026-05-08 07:46:13', '2026-05-08 07:46:33', 'CURRENT_TIMESTAMP', NULL),
	(193, 66, 'MPN', '704-30-34120', 'PUMP ASSEMBLY', '', 'EA', 'KOMATSU', '401515', 'Z001', 'VHS', 'PV_40AB_40AB', 'M001 - Spareparts', 'SPAREPART', '012 - Stock TPN', 'COMPONENT & SPAREPART', 'V', 'PURCH_AS_REQ', 'PD_EX', '', 'WA500-6R', '', '', '', NULL, '', NULL, NULL, NULL, NULL, NULL, 3504.00, 'Belum Terextend All Plant ID', 'APPROVED', 2, '2026-05-08 14:46:35', NULL, 0, '2026-05-08 07:46:13', '2026-05-08 07:46:35', 'CURRENT_TIMESTAMP', NULL),
	(194, 66, 'MPN', '99707015601', 'O-RING', '', 'EA', 'TADANO', '314015', 'Z001', 'VHS', 'PV_40AB_40AB', 'M001 - Spareparts', 'SPAREPART', '012 - Stock TPN', 'COMPONENT & SPAREPART', 'V', 'PURCH_AS_REQ', 'PD_EX', '', 'ATF110', '', '', '', NULL, '', NULL, NULL, NULL, NULL, NULL, 19.00, 'Belum Terextend All Plant ID', 'APPROVED', 2, '2026-05-08 14:46:36', NULL, 0, '2026-05-08 07:46:13', '2026-05-08 07:46:36', 'CURRENT_TIMESTAMP', NULL),
	(195, 66, 'MPN', '2650495860', 'SEAL SHAFT', '', 'EA', 'ATLASCOPCO', '401517', 'Z001', 'VHS', 'PV_40AB_40AB', 'M001 - Spareparts', 'SPAREPART', '012 - Stock TPN', 'COMPONENT & SPAREPART', 'V', 'PURCH_AS_REQ', 'PD_EX', '', 'DM30', '', '', '', NULL, '', NULL, NULL, NULL, NULL, NULL, 180.00, 'Belum Terextend All Plant ID', 'APPROVED', 2, '2026-05-08 14:46:38', NULL, 0, '2026-05-08 07:46:13', '2026-05-08 07:46:38', 'CURRENT_TIMESTAMP', NULL),
	(196, 66, 'MPN', '195-22-75290', 'COVER', '', 'EA', 'KOMATSU', '401416', 'Z001', 'VHS', 'PV_40AB_40AB', 'M001 - Spareparts', 'SPAREPART', '012 - Stock TPN', 'COMPONENT & SPAREPART', 'V', 'PURCH_AS_REQ', 'PD_EX', '', 'D375A-6R', '', '', '', NULL, '', NULL, NULL, NULL, NULL, NULL, 357.00, 'Belum Terextend All Plant ID', 'APPROVED', 2, '2026-05-08 14:46:37', NULL, 0, '2026-05-08 07:46:13', '2026-05-08 07:46:37', 'CURRENT_TIMESTAMP', NULL),
	(197, 66, 'MPN', '14X-22-00154', 'POWER TRAIN ASSEMBLY', '', 'EA', 'KOMATSU', '261115', 'Z001', 'VHS', 'PV_40AB_40AB', 'M001 - Spareparts', 'SPAREPART', '012 - Stock TPN', 'COMPONENT & SPAREPART', 'V', 'PURCH_AS_REQ', 'PD_EX', '', 'D85ESS-2', '', '', '', NULL, '', NULL, NULL, NULL, NULL, NULL, 172001.00, 'Belum Terextend All Plant ID', 'APPROVED', 2, '2026-05-08 14:46:34', NULL, 0, '2026-05-08 07:46:13', '2026-05-08 07:46:34', 'CURRENT_TIMESTAMP', NULL),
	(198, 67, 'TES', 'S1211231', 'EYS', '', '6ES', 'WER', 'WEEE', 'WER', '', '', '', '', '', '', '', '', '', '', '', '', '', '', NULL, '', NULL, NULL, NULL, NULL, NULL, NULL, '', 'APPROVED', 2, '2026-05-08 15:02:22', NULL, 0, '2026-05-08 08:02:16', '2026-05-08 08:02:22', 'CURRENT_TIMESTAMP', NULL),
	(199, 68, 'MPN', '246-2648', 'TRANSFER GEAR', '', 'EA', 'CATERPILLAR', '311717', 'Z001', 'VHS', 'PV_40AB_40AB', 'M001 - Spareparts', 'COMPONENT', '012 - Stock TPN', 'COMPONENT & SPAREPART', 'V', 'PURCH_AS_REQ', 'PD_EX', '', 'CAT777E', '', '', '', NULL, '', NULL, NULL, NULL, NULL, NULL, 31117.00, 'Belum Terextend All Plant ID', 'APPROVED', 2, '2026-05-08 15:08:41', NULL, 0, '2026-05-08 08:08:22', '2026-05-08 08:08:41', 'CURRENT_TIMESTAMP', NULL),
	(200, 68, 'MPN', '9Z777BLZ', 'TURBOCHARGER BLANKET', '', 'EA', 'CATERPILLAR', '261017', 'Z001', 'VHS', 'PV_40AB_40AB', 'M001 - Spareparts', 'SPAREPART', '012 - Stock TPN', 'COMPONENT & SPAREPART', 'V', 'PURCH_AS_REQ', 'PD_EX', '', 'CAT777E', '', '', '', NULL, '', NULL, NULL, NULL, NULL, NULL, 1075.00, 'Belum Terextend All Plant ID', 'APPROVED', 2, '2026-05-08 15:08:42', NULL, 0, '2026-05-08 08:08:22', '2026-05-08 08:08:42', 'CURRENT_TIMESTAMP', NULL),
	(201, 68, 'MPN', '704-30-34120', 'PUMP ASSEMBLY', '', 'EA', 'KOMATSU', '401515', 'Z001', 'VHS', 'PV_40AB_40AB', 'M001 - Spareparts', 'SPAREPART', '012 - Stock TPN', 'COMPONENT & SPAREPART', 'V', 'PURCH_AS_REQ', 'PD_EX', '', 'WA500-6R', '', '', '', NULL, '', NULL, NULL, NULL, NULL, NULL, 3504.00, 'Belum Terextend All Plant ID', 'APPROVED', 2, '2026-05-08 15:08:43', NULL, 0, '2026-05-08 08:08:22', '2026-05-08 08:08:43', 'CURRENT_TIMESTAMP', NULL),
	(202, 68, 'MPN', '99707015601', 'O-RING', '', 'EA', 'TADANO', '314015', 'Z001', 'VHS', 'PV_40AB_40AB', 'M001 - Spareparts', 'SPAREPART', '012 - Stock TPN', 'COMPONENT & SPAREPART', 'V', 'PURCH_AS_REQ', 'PD_EX', '', 'ATF110', '', '', '', NULL, '', NULL, NULL, NULL, NULL, NULL, 19.00, 'Belum Terextend All Plant ID', 'APPROVED', 2, '2026-05-08 15:08:43', NULL, 0, '2026-05-08 08:08:22', '2026-05-08 08:08:43', 'CURRENT_TIMESTAMP', NULL),
	(203, 68, 'MPN', '2650495860', 'SEAL SHAFT', '', 'EA', 'ATLASCOPCO', '401517', 'Z001', 'VHS', 'PV_40AB_40AB', 'M001 - Spareparts', 'SPAREPART', '012 - Stock TPN', 'COMPONENT & SPAREPART', 'V', 'PURCH_AS_REQ', 'PD_EX', '', 'DM30', '', '', '', NULL, '', NULL, NULL, NULL, NULL, NULL, 180.00, 'Belum Terextend All Plant ID', 'APPROVED', 2, '2026-05-08 15:08:45', NULL, 0, '2026-05-08 08:08:22', '2026-05-08 08:08:45', 'CURRENT_TIMESTAMP', NULL),
	(204, 68, 'MPN', '195-22-75290', 'COVER', '', 'EA', 'KOMATSU', '401416', 'Z001', 'VHS', 'PV_40AB_40AB', 'M001 - Spareparts', 'SPAREPART', '012 - Stock TPN', 'COMPONENT & SPAREPART', 'V', 'PURCH_AS_REQ', 'PD_EX', '', 'D375A-6R', '', '', '', NULL, '', NULL, NULL, NULL, NULL, NULL, 357.00, 'Belum Terextend All Plant ID', 'APPROVED', 2, '2026-05-08 15:08:44', NULL, 0, '2026-05-08 08:08:22', '2026-05-08 08:08:44', 'CURRENT_TIMESTAMP', NULL),
	(205, 68, 'MPN', '14X-22-00154', 'POWER TRAIN ASSEMBLY', '', 'EA', 'KOMATSU', '261115', 'Z001', 'VHS', 'PV_40AB_40AB', 'M001 - Spareparts', 'SPAREPART', '012 - Stock TPN', 'COMPONENT & SPAREPART', 'V', 'PURCH_AS_REQ', 'PD_EX', '', 'D85ESS-2', '', '', '', NULL, '', NULL, NULL, NULL, NULL, NULL, 172001.00, 'Belum Terextend All Plant ID', 'APPROVED', 2, '2026-05-08 15:08:46', NULL, 0, '2026-05-08 08:08:22', '2026-05-08 08:08:46', 'CURRENT_TIMESTAMP', NULL),
	(206, 69, 'MPN', '246-2648', 'TRANSFER GEAR', '', 'EA', 'CATERPILLAR', '311717', 'Z001', 'VHS', 'PV_40AB_40AB', 'M001 - Spareparts', 'COMPONENT', '012 - Stock TPN', 'COMPONENT & SPAREPART', 'V', 'PURCH_AS_REQ', 'PD_EX', '', 'CAT777E', '', '', '', NULL, '', NULL, NULL, NULL, NULL, NULL, 31117.00, 'Belum Terextend All Plant ID', 'APPROVED', 2, '2026-05-08 15:13:57', NULL, 0, '2026-05-08 08:13:39', '2026-05-08 08:13:57', 'CURRENT_TIMESTAMP', NULL),
	(207, 69, 'MPN', '9Z777BLZ', 'TURBOCHARGER BLANKET', '', 'EA', 'CATERPILLAR', '261017', 'Z001', 'VHS', 'PV_40AB_40AB', 'M001 - Spareparts', 'SPAREPART', '012 - Stock TPN', 'COMPONENT & SPAREPART', 'V', 'PURCH_AS_REQ', 'PD_EX', '', 'CAT777E', '', '', '', NULL, '', NULL, NULL, NULL, NULL, NULL, 1075.00, 'Belum Terextend All Plant ID', 'APPROVED', 2, '2026-05-08 15:13:57', NULL, 0, '2026-05-08 08:13:39', '2026-05-08 08:13:57', 'CURRENT_TIMESTAMP', NULL),
	(208, 70, '111111111', '11111111111111111111', '111111111111111111111', '', '111111111111111111', '111111111111', '111111111111111111111', '1111111111111', '', '', '', '', '', '', '', '', '', '', '', '', '', '', NULL, '', NULL, NULL, NULL, NULL, NULL, NULL, '', 'APPROVED', 2, '2026-05-08 15:18:46', NULL, 0, '2026-05-08 08:18:42', '2026-05-08 08:18:46', 'CURRENT_TIMESTAMP', NULL),
	(209, 71, '11111111', 'UJI COBA YA', '111111111', '', '1111111', '11111111', '', '', '', '', '', '', '', '', '', '', '', '', '', '', '', '', NULL, '', NULL, NULL, NULL, NULL, NULL, NULL, '', 'APPROVED', 2, '2026-05-08 15:32:52', NULL, 0, '2026-05-08 08:32:46', '2026-05-08 08:32:52', 'CURRENT_TIMESTAMP', NULL),
	(210, 72, 'TES 3', '626F-C0-0020', 'SEAL SHAFT', '', 'ggggggg', '222', '22222', '1111111111', '', '', '', '', '', '', '', '', '', '', '', '', '', '', NULL, '', NULL, NULL, NULL, NULL, NULL, NULL, '', 'APPROVED', 2, '2026-05-08 15:47:04', NULL, 0, '2026-05-08 08:46:58', '2026-05-08 08:47:04', 'CURRENT_TIMESTAMP', NULL),
	(211, 74, 'MPN', '246-2648', 'TRANSFER GEAR', '', 'EA', 'CATERPILLAR', '311717', 'Z001', 'VHS', 'PV_40AB_40AB', 'M001 - Spareparts', 'COMPONENT', '012 - Stock TPN', 'COMPONENT & SPAREPART', 'V', 'PURCH_AS_REQ', 'PD_EX', '', 'CAT777E', '', '', '', NULL, '', NULL, NULL, NULL, NULL, NULL, 31117.00, 'Belum Terextend All Plant ID', 'APPROVED', 2, '2026-05-08 17:45:42', NULL, 0, '2026-05-08 10:44:44', '2026-05-08 10:45:42', '20260508104444103-ATRI-001', NULL),
	(212, 74, 'MPN', '9Z777BLZ', 'TURBOCHARGER BLANKET', '', 'EA', 'CATERPILLAR', '261017', 'Z001', 'VHS', 'PV_40AB_40AB', 'M001 - Spareparts', 'SPAREPART', '012 - Stock TPN', 'COMPONENT & SPAREPART', 'V', 'PURCH_AS_REQ', 'PD_EX', '', 'CAT777E', '', '', '', NULL, '', NULL, NULL, NULL, NULL, NULL, 1075.00, 'Belum Terextend All Plant ID', 'APPROVED', 2, '2026-05-08 17:45:43', NULL, 0, '2026-05-08 10:44:44', '2026-05-08 10:45:43', '20260508104444103-ATRI-002', NULL),
	(213, 74, 'MPN', '704-30-34120', 'PUMP ASSEMBLY', '', 'EA', 'KOMATSU', '401515', 'Z001', 'VHS', 'PV_40AB_40AB', 'M001 - Spareparts', 'SPAREPART', '012 - Stock TPN', 'COMPONENT & SPAREPART', 'V', 'PURCH_AS_REQ', 'PD_EX', '', 'WA500-6R', '', '', '', NULL, '', NULL, NULL, NULL, NULL, NULL, 3504.00, 'Belum Terextend All Plant ID', 'APPROVED', 2, '2026-05-08 17:45:56', NULL, 0, '2026-05-08 10:44:44', '2026-05-08 10:45:56', '20260508104444103-ATRI-003', NULL),
	(214, 74, 'MPN', '99707015601', 'O-RING', '', 'EA', 'TADANO', '314015', 'Z001', 'VHS', 'PV_40AB_40AB', 'M001 - Spareparts', 'SPAREPART', '012 - Stock TPN', 'COMPONENT & SPAREPART', 'V', 'PURCH_AS_REQ', 'PD_EX', '', 'ATF110', '', '', '', NULL, '', NULL, NULL, NULL, NULL, NULL, 19.00, 'Belum Terextend All Plant ID', 'APPROVED', 2, '2026-05-08 17:46:04', NULL, 0, '2026-05-08 10:44:44', '2026-05-08 10:46:04', '20260508104444103-ATRI-005', NULL),
	(215, 74, 'MPN', '2650495860', 'SEAL SHAFT', '', 'EA', 'ATLASCOPCO', '401517', 'Z001', 'VHS', 'PV_40AB_40AB', 'M001 - Spareparts', 'SPAREPART', '012 - Stock TPN', 'COMPONENT & SPAREPART', 'V', 'PURCH_AS_REQ', 'PD_EX', '', 'DM30', '', '', '', NULL, '', NULL, NULL, NULL, NULL, NULL, 180.00, 'Belum Terextend All Plant ID', 'APPROVED', 2, '2026-05-08 17:46:02', NULL, 0, '2026-05-08 10:44:44', '2026-05-08 10:46:02', '20260508104444103-ATRI-006', NULL),
	(216, 74, 'MPN', '195-22-75290', 'COVER', '', 'EA', 'KOMATSU', '401416', 'Z001', 'VHS', 'PV_40AB_40AB', 'M001 - Spareparts', 'SPAREPART', '012 - Stock TPN', 'COMPONENT & SPAREPART', 'V', 'PURCH_AS_REQ', 'PD_EX', '', 'D375A-6R', '', '', '', NULL, '', NULL, NULL, NULL, NULL, NULL, 357.00, 'Belum Terextend All Plant ID', 'APPROVED', 2, '2026-05-08 17:45:57', NULL, 0, '2026-05-08 10:44:44', '2026-05-08 10:45:57', '20260508104444103-ATRI-007', NULL),
	(217, 74, 'MPN', '14X-22-00154', 'POWER TRAIN ASSEMBLY', '', 'EA', 'KOMATSU', '261115', 'Z001', 'VHS', 'PV_40AB_40AB', 'M001 - Spareparts', 'SPAREPART', '012 - Stock TPN', 'COMPONENT & SPAREPART', 'V', 'PURCH_AS_REQ', 'PD_EX', '', 'D85ESS-2', '', '', '', NULL, '', NULL, NULL, NULL, NULL, NULL, 172001.00, 'Belum Terextend All Plant ID', 'APPROVED', 2, '2026-05-08 17:46:00', NULL, 0, '2026-05-08 10:44:44', '2026-05-08 10:46:00', '20260508104444103-ATRI-008', NULL),
	(218, 75, 'MPN', '246-2648', 'TRANSFER GEAR', '', 'EA', 'CATERPILLAR', '311717', 'MM_Z001', 'VHS', 'PV_40AB_40AB', 'M001 - Spareparts', 'COMPONENT', '012 - Stock TPN', 'COMPONENT & SPAREPART', 'V', 'PURCH_AS_REQ', 'PD_EX', '', 'CAT777E', '', '', '', NULL, '', NULL, NULL, NULL, NULL, NULL, 31117.00, 'Belum Terextend All Plant ID', 'REJECTED', 2, '2026-05-18 14:34:42', NULL, 0, '2026-05-12 01:27:17', '2026-05-18 07:34:42', '20260512012717390-ATRI-001', NULL),
	(219, 75, 'MPN', '9Z777BLZ', 'TURBOCHARGER BLANKET', '', 'EA', 'CATERPILLAR', '261017', 'MM_Z001', 'VHS', 'PV_40AB_40AB', 'M001 - Spareparts', 'SPAREPART', '012 - Stock TPN', 'COMPONENT & SPAREPART', 'V', 'PURCH_AS_REQ', 'PD_EX', '', 'CAT777E', '', '', '', NULL, '', NULL, NULL, NULL, NULL, NULL, 1075.00, 'Belum Terextend All Plant ID', 'REJECTED', 2, '2026-05-18 14:34:45', NULL, 0, '2026-05-12 01:27:17', '2026-05-18 07:34:45', '20260512012717390-ATRI-002', NULL),
	(220, 75, 'MPN', '704-30-34120', 'PUMP ASSEMBLY', '', 'EA', 'KOMATSU', '401515', 'MM_Z001', 'VHS', 'PV_40AB_40AB', 'M001 - Spareparts', 'SPAREPART', '012 - Stock TPN', 'COMPONENT & SPAREPART', 'V', 'PURCH_AS_REQ', 'PD_EX', '', 'WA500-6R', '', '', '', NULL, '', NULL, NULL, NULL, NULL, NULL, 3504.00, 'Belum Terextend All Plant ID', 'APPROVED', 2, '2026-05-18 14:34:47', NULL, 0, '2026-05-12 01:27:17', '2026-05-18 07:34:47', '20260512012717390-ATRI-003', NULL),
	(221, 75, 'MPN', '99707015601', 'O-RING', '', 'EA', 'TADANO', '314015', 'MM_Z001', 'VHS', 'PV_40AB_40AB', 'M001 - Spareparts', 'SPAREPART', '012 - Stock TPN', 'COMPONENT & SPAREPART', 'V', 'PURCH_AS_REQ', 'PD_EX', '', 'ATF110', '', '', '', NULL, '', NULL, NULL, NULL, NULL, NULL, 19.00, 'Belum Terextend All Plant ID', 'REJECTED', 2, '2026-05-18 14:34:39', NULL, 0, '2026-05-12 01:27:17', '2026-05-18 07:34:39', '20260512012717390-ATRI-005', NULL),
	(222, 75, 'MPN', '2650495860', 'SEAL SHAFT', '', 'EA', 'ATLASCOPCO', '401517', 'MM_Z001', 'VHS', 'PV_40AB_40AB', 'M001 - Spareparts', 'SPAREPART', '012 - Stock TPN', 'COMPONENT & SPAREPART', 'V', 'PURCH_AS_REQ', 'PD_EX', '', 'DM30', '', '', '', NULL, '', NULL, NULL, NULL, NULL, NULL, 180.00, 'Belum Terextend All Plant ID', 'APPROVED', 2, '2026-05-18 14:34:48', NULL, 0, '2026-05-12 01:27:17', '2026-05-18 07:34:48', '20260512012717390-ATRI-006', NULL),
	(223, 75, 'MPN', '195-22-75290', 'COVER', '', 'EA', 'KOMATSU', '401416', 'MM_Z001', 'VHS', 'PV_40AB_40AB', 'M001 - Spareparts', 'SPAREPART', '012 - Stock TPN', 'COMPONENT & SPAREPART', 'V', 'PURCH_AS_REQ', 'PD_EX', '', 'D375A-6R', '', '', '', NULL, '', NULL, NULL, NULL, NULL, NULL, 357.00, 'Belum Terextend All Plant ID', 'APPROVED', 2, '2026-05-18 14:34:49', NULL, 0, '2026-05-12 01:27:17', '2026-05-18 07:34:49', '20260512012717390-ATRI-007', NULL),
	(224, 75, 'MPN', '14X-22-00154', 'POWER TRAIN ASSEMBLY', '', 'EA', 'KOMATSU', '261115', 'MM_Z001', 'VHS', 'PV_40AB_40AB', 'M001 - Spareparts', 'SPAREPART', '012 - Stock TPN', 'COMPONENT & SPAREPART', 'V', 'PURCH_AS_REQ', 'PD_EX', '', 'D85ESS-2', '', '', '', NULL, '', NULL, NULL, NULL, NULL, NULL, 172001.00, 'Belum Terextend All Plant ID', 'APPROVED', 2, '2026-05-18 14:34:50', NULL, 0, '2026-05-12 01:27:17', '2026-05-18 07:34:50', '20260512012717390-ATRI-008', NULL),
	(225, 76, 'MPN', '99707015601', 'O-RING', '', 'EA', 'TADANO', '314015', 'MM_Z001', 'VHS', 'PV_40AB_40AB', 'M001 - Spareparts', 'SPAREPART', '012 - Stock TPN', 'COMPONENT & SPAREPART', 'V', 'PURCH_AS_REQ', 'PD_EX', '', 'ATF110', '', '', '', NULL, '', NULL, NULL, NULL, NULL, NULL, 19.00, 'Belum Terextend All Plant ID', 'PENDING', NULL, NULL, NULL, 0, '2026-05-12 01:32:51', '2026-05-12 01:32:51', '20260512013251596-ATRI-001', NULL),
	(226, 76, 'MPN', '2650495860', 'SEAL SHAFT', '', 'EA', 'ATLASCOPCO', '401517', 'MM_Z001', 'VHS', 'PV_40AB_40AB', 'M001 - Spareparts', 'SPAREPART', '012 - Stock TPN', 'COMPONENT & SPAREPART', 'V', 'PURCH_AS_REQ', 'PD_EX', '', 'DM30', '', '', '', NULL, '', NULL, NULL, NULL, NULL, NULL, 180.00, 'Belum Terextend All Plant ID', 'PENDING', NULL, NULL, NULL, 0, '2026-05-12 01:32:51', '2026-05-12 01:32:51', '20260512013251596-ATRI-002', NULL),
	(227, 76, 'MPN', '195-22-75290', 'COVER', '', 'EA', 'KOMATSU', '401416', 'MM_Z001', 'VHS', 'PV_40AB_40AB', 'M001 - Spareparts', 'SPAREPART', '012 - Stock TPN', 'COMPONENT & SPAREPART', 'V', 'PURCH_AS_REQ', 'PD_EX', '', 'D375A-6R', '', '', '', NULL, '', NULL, NULL, NULL, NULL, NULL, 357.00, 'Belum Terextend All Plant ID', 'PENDING', NULL, NULL, NULL, 0, '2026-05-12 01:32:51', '2026-05-12 01:32:51', '20260512013251596-ATRI-003', NULL),
	(228, 76, 'MPN', '14X-22-00154', 'POWER TRAIN ASSEMBLY', '', 'EA', 'KOMATSU', '261115', 'MM_Z001', 'VHS', 'PV_40AB_40AB', 'M001 - Spareparts', 'SPAREPART', '012 - Stock TPN', 'COMPONENT & SPAREPART', 'V', 'PURCH_AS_REQ', 'PD_EX', '', 'D85ESS-2', '', '', '', NULL, '', NULL, NULL, NULL, NULL, NULL, 172001.00, 'Belum Terextend All Plant ID', 'PENDING', NULL, NULL, NULL, 0, '2026-05-12 01:32:51', '2026-05-12 01:32:51', '20260512013251596-ATRI-004', NULL),
	(229, 77, 'MPN', '2650495860', 'SEAL SHAFT', '', 'EA', 'ATLASCOPCO', '401517', 'MM_Z001', 'VHS', 'PV_40AB_40AB', 'M001 - Spareparts', 'SPAREPART', '012 - Stock TPN', 'COMPONENT & SPAREPART', 'V', 'PURCH_AS_REQ', 'PD_EX', '', 'DM30', '', '', '', NULL, '', NULL, NULL, NULL, NULL, NULL, 180.00, 'Belum Terextend All Plant ID', 'APPROVED', 2, '2026-05-18 15:28:47', NULL, 0, '2026-05-12 01:37:11', '2026-05-18 08:28:47', '20260512013711134-ATRI-001', NULL),
	(230, 77, 'MPN', '195-22-75290', 'COVER', '', 'EA', 'KOMATSU', '401416', 'MM_Z001', 'VHS', 'PV_40AB_40AB', 'M001 - Spareparts', 'SPAREPART', '012 - Stock TPN', 'COMPONENT & SPAREPART', 'V', 'PURCH_AS_REQ', 'PD_EX', '', 'D375A-6R', '', '', '', NULL, '', NULL, NULL, NULL, NULL, NULL, 357.00, 'Belum Terextend All Plant ID', 'APPROVED', 2, '2026-05-18 15:28:48', NULL, 0, '2026-05-12 01:37:11', '2026-05-18 08:28:48', '20260512013711134-ATRI-002', NULL),
	(231, 77, 'MPN', '14X-22-00154', 'POWER TRAIN ASSEMBLY', '', 'EA', 'KOMATSU', '261115', 'MM_Z001', 'VHS', 'PV_40AB_40AB', 'M001 - Spareparts', 'SPAREPART', '012 - Stock TPN', 'COMPONENT & SPAREPART', 'V', 'PURCH_AS_REQ', 'PD_EX', '', 'D85ESS-2', '', '', '', NULL, '', NULL, NULL, NULL, NULL, NULL, 172001.00, 'Belum Terextend All Plant ID', 'APPROVED', 2, '2026-05-18 15:28:49', NULL, 0, '2026-05-12 01:37:11', '2026-05-18 08:28:49', '20260512013711134-ATRI-003', NULL),
	(232, 78, 'MPN', '246-2648', 'TRANSFER GEAR', '', 'EA', 'CATERPILLAR', '311717', 'MM_Z001', 'VHS', 'PV_40AB_40AB', 'M001 - Spareparts', 'COMPONENT', '012 - Stock TPN', 'COMPONENT & SPAREPART', 'V', 'PURCH_AS_REQ', 'PD_EX', '', 'CAT777E', '', '', '', NULL, '', NULL, NULL, NULL, NULL, NULL, 31117.00, 'Belum Terextend All Plant ID', 'REJECTED', 2, '2026-05-18 08:11:27', NULL, 0, '2026-05-12 01:49:38', '2026-05-18 01:11:27', '20260512014938481-ATRI-001', NULL),
	(233, 78, 'MPN', '9Z777BLZ', 'TURBOCHARGER BLANKET', '', 'EA', 'CATERPILLAR', '261017', 'MM_Z001', 'VHS', 'PV_40AB_40AB', 'M001 - Spareparts', 'SPAREPART', '012 - Stock TPN', 'COMPONENT & SPAREPART', 'V', 'PURCH_AS_REQ', 'PD_EX', '', 'CAT777E', '', '', '', NULL, '', NULL, NULL, NULL, NULL, NULL, 1075.00, 'Belum Terextend All Plant ID', 'REJECTED', 2, '2026-05-18 08:11:27', NULL, 0, '2026-05-12 01:49:38', '2026-05-18 01:11:27', '20260512014938481-ATRI-002', NULL),
	(234, 78, 'MPN', '704-30-34120', 'PUMP ASSEMBLY', '', 'EA', 'KOMATSU', '401515', 'MM_Z001', 'VHS', 'PV_40AB_40AB', 'M001 - Spareparts', 'SPAREPART', '012 - Stock TPN', 'COMPONENT & SPAREPART', 'V', 'PURCH_AS_REQ', 'PD_EX', '', 'WA500-6R', '', '', '', NULL, '', NULL, NULL, NULL, NULL, NULL, 3504.00, 'Belum Terextend All Plant ID', 'REJECTED', 2, '2026-05-18 08:11:27', NULL, 0, '2026-05-12 01:49:38', '2026-05-18 01:11:27', '20260512014938481-ATRI-003', NULL),
	(235, 78, 'MPN', '99707015601', 'O-RING', '', 'EA', 'TADANO', '314015', 'MM_Z001', 'VHS', 'PV_40AB_40AB', 'M001 - Spareparts', 'SPAREPART', '012 - Stock TPN', 'COMPONENT & SPAREPART', 'V', 'PURCH_AS_REQ', 'PD_EX', '', 'ATF110', '', '', '', NULL, '', NULL, NULL, NULL, NULL, NULL, 19.00, 'Belum Terextend All Plant ID', 'REJECTED', 2, '2026-05-18 08:11:27', NULL, 0, '2026-05-12 01:49:38', '2026-05-18 01:11:27', '20260512014938481-ATRI-005', NULL),
	(236, 78, 'MPN', '2650495860', 'SEAL SHAFT', '', 'EA', 'ATLASCOPCO', '401517', 'MM_Z001', 'VHS', 'PV_40AB_40AB', 'M001 - Spareparts', 'SPAREPART', '012 - Stock TPN', 'COMPONENT & SPAREPART', 'V', 'PURCH_AS_REQ', 'PD_EX', '', 'DM30', '', '', '', NULL, '', NULL, NULL, NULL, NULL, NULL, 180.00, 'Belum Terextend All Plant ID', 'REJECTED', 2, '2026-05-18 08:11:27', NULL, 0, '2026-05-12 01:49:38', '2026-05-18 01:11:27', '20260512014938481-ATRI-006', NULL),
	(237, 78, 'MPN', '195-22-75290', 'COVER', '', 'EA', 'KOMATSU', '401416', 'MM_Z001', 'VHS', 'PV_40AB_40AB', 'M001 - Spareparts', 'SPAREPART', '012 - Stock TPN', 'COMPONENT & SPAREPART', 'V', 'PURCH_AS_REQ', 'PD_EX', '', 'D375A-6R', '', '', '', NULL, '', NULL, NULL, NULL, NULL, NULL, 357.00, 'Belum Terextend All Plant ID', 'REJECTED', 2, '2026-05-18 08:11:27', NULL, 0, '2026-05-12 01:49:38', '2026-05-18 01:11:27', '20260512014938481-ATRI-007', NULL),
	(238, 78, 'MPN', '14X-22-00154', 'POWER TRAIN ASSEMBLY', '', 'EA', 'KOMATSU', '261115', 'MM_Z001', 'VHS', 'PV_40AB_40AB', 'M001 - Spareparts', 'SPAREPART', '012 - Stock TPN', 'COMPONENT & SPAREPART', 'V', 'PURCH_AS_REQ', 'PD_EX', '', 'D85ESS-2', '', '', '', NULL, '', NULL, NULL, NULL, NULL, NULL, 172001.00, 'Belum Terextend All Plant ID', 'REJECTED', 2, '2026-05-18 08:11:27', NULL, 0, '2026-05-12 01:49:38', '2026-05-18 01:11:27', '20260512014938481-ATRI-008', NULL),
	(239, 79, 'MPN', '246-2648', 'TRANSFER GEAR', '', 'EA', 'CATERPILLAR', '311717', 'MM_Z001', 'VHS', 'PV_40AB_40AB', 'M001 - Spareparts', 'COMPONENT', '012 - Stock TPN', 'COMPONENT & SPAREPART', 'V', 'PURCH_AS_REQ', 'PD_EX', '', 'CAT777E', '', '', '', NULL, '', NULL, NULL, NULL, NULL, NULL, 31117.00, 'Belum Terextend All Plant ID', 'APPROVED', 2, '2026-05-12 10:57:07', NULL, 0, '2026-05-12 01:54:21', '2026-05-12 03:57:07', '20260512015421202-ATRI-001', NULL),
	(240, 79, 'MPN', '9Z777BLZ', 'TURBOCHARGER BLANKET', '', 'EA', 'CATERPILLAR', '261017', 'MM_Z001', 'VHS', 'PV_40AB_40AB', 'M001 - Spareparts', 'SPAREPART', '012 - Stock TPN', 'COMPONENT & SPAREPART', 'V', 'PURCH_AS_REQ', 'PD_EX', '', 'CAT777E', '', '', '', NULL, '', NULL, NULL, NULL, NULL, NULL, 1075.00, 'Belum Terextend All Plant ID', 'APPROVED', 2, '2026-05-12 10:57:08', NULL, 0, '2026-05-12 01:54:21', '2026-05-12 03:57:08', '20260512015421202-ATRI-002', NULL),
	(241, 79, 'MPN', '704-30-34120', 'PUMP ASSEMBLY', '', 'EA', 'KOMATSU', '401515', 'MM_Z001', 'VHS', 'PV_40AB_40AB', 'M001 - Spareparts', 'SPAREPART', '012 - Stock TPN', 'COMPONENT & SPAREPART', 'V', 'PURCH_AS_REQ', 'PD_EX', '', 'WA500-6R', '', '', '', NULL, '', NULL, NULL, NULL, NULL, NULL, 3504.00, 'Belum Terextend All Plant ID', 'APPROVED', 2, '2026-05-12 10:57:09', NULL, 0, '2026-05-12 01:54:21', '2026-05-12 03:57:09', '20260512015421202-ATRI-003', NULL),
	(242, 79, 'MPN', '99707015601', 'O-RING', '', 'EA', 'TADANO', '314015', 'MM_Z001', 'VHS', 'PV_40AB_40AB', 'M001 - Spareparts', 'SPAREPART', '012 - Stock TPN', 'COMPONENT & SPAREPART', 'V', 'PURCH_AS_REQ', 'PD_EX', '', 'ATF110', '', '', '', NULL, '', NULL, NULL, NULL, NULL, NULL, 19.00, 'Belum Terextend All Plant ID', 'APPROVED', 2, '2026-05-12 10:57:10', NULL, 0, '2026-05-12 01:54:21', '2026-05-12 03:57:10', '20260512015421202-ATRI-004', NULL),
	(243, 79, 'MPN', '2650495860', 'SEAL SHAFT', '', 'EA', 'ATLASCOPCO', '401517', 'MM_Z001', 'VHS', 'PV_40AB_40AB', 'M001 - Spareparts', 'SPAREPART', '012 - Stock TPN', 'COMPONENT & SPAREPART', 'V', 'PURCH_AS_REQ', 'PD_EX', '', 'DM30', '', '', '', NULL, '', NULL, NULL, NULL, NULL, NULL, 180.00, 'Belum Terextend All Plant ID', 'APPROVED', 2, '2026-05-12 10:57:11', NULL, 0, '2026-05-12 01:54:21', '2026-05-12 03:57:11', '20260512015421202-ATRI-005', NULL),
	(244, 79, 'MPN', '195-22-75290', 'COVER', '', 'EA', 'KOMATSU', '401416', 'MM_Z001', 'VHS', 'PV_40AB_40AB', 'M001 - Spareparts', 'SPAREPART', '012 - Stock TPN', 'COMPONENT & SPAREPART', 'V', 'PURCH_AS_REQ', 'PD_EX', '', 'D375A-6R', '', '', '', NULL, '', NULL, NULL, NULL, NULL, NULL, 357.00, 'Belum Terextend All Plant ID', 'APPROVED', 2, '2026-05-12 10:57:12', NULL, 0, '2026-05-12 01:54:21', '2026-05-12 03:57:12', '20260512015421202-ATRI-006', NULL),
	(245, 79, 'MPN', '14X-22-00154', 'POWER TRAIN ASSEMBLY', '', 'EA', 'KOMATSU', '261115', 'MM_Z001', 'VHS', 'PV_40AB_40AB', 'M001 - Spareparts', 'SPAREPART', '012 - Stock TPN', 'COMPONENT & SPAREPART', 'V', 'PURCH_AS_REQ', 'PD_EX', '', 'D85ESS-2', '', '', '', NULL, '', NULL, NULL, NULL, NULL, NULL, 172001.00, 'Belum Terextend All Plant ID', 'APPROVED', 2, '2026-05-12 10:57:12', NULL, 0, '2026-05-12 01:54:21', '2026-05-12 03:57:12', '20260512015421202-ATRI-007', NULL),
	(246, 80, 'MPN', '246-2648', 'TRANSFER GEAR', '', 'EA', 'CATERPILLAR', '311717', 'MM_Z001', 'VHS', 'PV_40AB_40AB', 'M001 - Spareparts', 'COMPONENT', '012 - Stock TPN', 'COMPONENT & SPAREPART', 'V', 'PURCH_AS_REQ', 'PD_EX', '', 'CAT777E', '', '', '', NULL, '', NULL, NULL, NULL, NULL, NULL, 31117.00, 'Belum Terextend All Plant ID', 'APPROVED', 2, '2026-05-12 09:44:22', NULL, 0, '2026-05-12 01:59:27', '2026-05-12 02:44:22', '20260512015927514-ATRI-001', NULL),
	(247, 80, 'MPN', '9Z777BLZ', 'TURBOCHARGER BLANKET', '', 'EA', 'CATERPILLAR', '261017', 'MM_Z001', 'VHS', 'PV_40AB_40AB', 'M001 - Spareparts', 'SPAREPART', '012 - Stock TPN', 'COMPONENT & SPAREPART', 'V', 'PURCH_AS_REQ', 'PD_EX', '', 'CAT777E', '', '', '', NULL, '', NULL, NULL, NULL, NULL, NULL, 1075.00, 'Belum Terextend All Plant ID', 'APPROVED', 2, '2026-05-12 09:44:24', NULL, 0, '2026-05-12 01:59:27', '2026-05-12 02:44:24', '20260512015927514-ATRI-002', NULL),
	(248, 80, 'MPN', '704-30-34120', 'PUMP ASSEMBLY', '', 'EA', 'KOMATSU', '401515', 'MM_Z001', 'VHS', 'PV_40AB_40AB', 'M001 - Spareparts', 'SPAREPART', '012 - Stock TPN', 'COMPONENT & SPAREPART', 'V', 'PURCH_AS_REQ', 'PD_EX', '', 'WA500-6R', '', '', '', NULL, '', NULL, NULL, NULL, NULL, NULL, 3504.00, 'Belum Terextend All Plant ID', 'APPROVED', 2, '2026-05-12 09:44:26', NULL, 0, '2026-05-12 01:59:27', '2026-05-12 02:44:26', '20260512015927514-ATRI-003', NULL),
	(249, 80, 'MPN', '14X-22-00154', 'POWER TRAIN ASSEMBLY', '', 'EA', 'KOMATSU', '261115', 'MM_Z001', 'VHS', 'PV_40AB_40AB', 'M001 - Spareparts', 'SPAREPART', '012 - Stock TPN', 'COMPONENT & SPAREPART', 'V', 'PURCH_AS_REQ', 'PD_EX', '', 'D85ESS-2', '', '', '', NULL, '', NULL, NULL, NULL, NULL, NULL, 172001.00, 'Belum Terextend All Plant ID', 'APPROVED', 2, '2026-05-12 09:44:29', NULL, 0, '2026-05-12 01:59:27', '2026-05-12 02:44:29', '20260512015927514-ATRI-004', NULL),
	(250, 81, 'MPN', '246-2648', 'TRANSFER GEAR', '', 'EA', 'CATERPILLAR', '311717', 'MM_Z001', 'VHS', 'PV_40AB_40AB', 'M001 - Spareparts', 'COMPONENT', '012 - Stock TPN', 'COMPONENT & SPAREPART', 'V', 'PURCH_AS_REQ', 'PD_EX', '', 'CAT777E', '', '', '', NULL, '', NULL, NULL, NULL, NULL, NULL, 31117.00, 'Belum Terextend All Plant ID', 'APPROVED', 2, '2026-05-12 09:33:47', NULL, 0, '2026-05-12 02:18:21', '2026-05-12 02:33:47', '20260512021821847-ATRI-001', NULL),
	(251, 81, 'MPN', '9Z777BLZ', 'TURBOCHARGER BLANKET', '', 'EA', 'CATERPILLAR', '261017', 'MM_Z001', 'VHS', 'PV_40AB_40AB', 'M001 - Spareparts', 'SPAREPART', '012 - Stock TPN', 'COMPONENT & SPAREPART', 'V', 'PURCH_AS_REQ', 'PD_EX', '', 'CAT777E', '', '', '', NULL, '', NULL, NULL, NULL, NULL, NULL, 1075.00, 'Belum Terextend All Plant ID', 'APPROVED', 2, '2026-05-12 09:33:50', NULL, 0, '2026-05-12 02:18:21', '2026-05-12 02:33:50', '20260512021821847-ATRI-002', NULL),
	(252, 81, 'MPN', '704-30-34120', 'PUMP ASSEMBLY', '', 'EA', 'KOMATSU', '401515', 'MM_Z001', 'VHS', 'PV_40AB_40AB', 'M001 - Spareparts', 'SPAREPART', '012 - Stock TPN', 'COMPONENT & SPAREPART', 'V', 'PURCH_AS_REQ', 'PD_EX', '', 'WA500-6R', '', '', '', NULL, '', NULL, NULL, NULL, NULL, NULL, 3504.00, 'Belum Terextend All Plant ID', 'APPROVED', 2, '2026-05-12 09:33:53', NULL, 0, '2026-05-12 02:18:21', '2026-05-12 02:33:53', '20260512021821847-ATRI-003', NULL),
	(253, 81, 'MPN', '99707015601', 'O-RING', '', 'EA', 'TADANO', '314015', 'MM_Z001', 'VHS', 'PV_40AB_40AB', 'M001 - Spareparts', 'SPAREPART', '012 - Stock TPN', 'COMPONENT & SPAREPART', 'V', 'PURCH_AS_REQ', 'PD_EX', '', 'ATF110', '', '', '', NULL, '', NULL, NULL, NULL, NULL, NULL, 19.00, 'Belum Terextend All Plant ID', 'APPROVED', 2, '2026-05-12 09:33:57', NULL, 0, '2026-05-12 02:18:21', '2026-05-12 02:33:57', '20260512021821847-ATRI-005', NULL),
	(254, 81, 'MPN', '2650495860', 'SEAL SHAFT', '', 'EA', 'ATLASCOPCO', '401517', 'MM_Z001', 'VHS', 'PV_40AB_40AB', 'M001 - Spareparts', 'SPAREPART', '012 - Stock TPN', 'COMPONENT & SPAREPART', 'V', 'PURCH_AS_REQ', 'PD_EX', '', 'DM30', '', '', '', NULL, '', NULL, NULL, NULL, NULL, NULL, 180.00, 'Belum Terextend All Plant ID', 'APPROVED', 2, '2026-05-12 09:33:59', NULL, 0, '2026-05-12 02:18:21', '2026-05-12 02:33:59', '20260512021821847-ATRI-006', NULL),
	(255, 81, 'MPN', '195-22-75290', 'COVER', '', 'EA', 'KOMATSU', '401416', 'MM_Z001', 'VHS', 'PV_40AB_40AB', 'M001 - Spareparts', 'SPAREPART', '012 - Stock TPN', 'COMPONENT & SPAREPART', 'V', 'PURCH_AS_REQ', 'PD_EX', '', 'D375A-6R', '', '', '', NULL, '', NULL, NULL, NULL, NULL, NULL, 357.00, 'Belum Terextend All Plant ID', 'APPROVED', 2, '2026-05-12 09:33:56', NULL, 0, '2026-05-12 02:18:21', '2026-05-12 02:33:56', '20260512021821847-ATRI-007', NULL),
	(256, 81, 'MPN', '14X-22-00154', 'POWER TRAIN ASSEMBLY', '', 'EA', 'KOMATSU', '261115', 'MM_Z001', 'VHS', 'PV_40AB_40AB', 'M001 - Spareparts', 'SPAREPART', '012 - Stock TPN', 'COMPONENT & SPAREPART', 'V', 'PURCH_AS_REQ', 'PD_EX', '', 'D85ESS-2', '', '', '', NULL, '', NULL, NULL, NULL, NULL, NULL, 172001.00, 'Belum Terextend All Plant ID', 'APPROVED', 2, '2026-05-12 09:34:00', NULL, 0, '2026-05-12 02:18:21', '2026-05-12 02:34:00', '20260512021821847-ATRI-008', NULL),
	(257, 86, 'MPN', '246-2648', 'TRANSFER GEAR', '', 'EA', 'CATERPILLAR', '311717', 'MM_Z001', 'VHS', 'PV_40AB_40AB', 'M001 - Spareparts', 'COMPONENT', '012 - Stock TPN', 'COMPONENT & SPAREPART', 'V', 'PURCH_AS_REQ', 'PD_EX', '', 'CAT777E', '', '', '', NULL, '', NULL, NULL, NULL, NULL, NULL, 31117.00, 'Belum Terextend All Plant ID', 'APPROVED', 2, '2026-05-13 18:01:33', NULL, 0, '2026-05-13 11:00:31', '2026-05-13 11:01:33', '20260513110031764-ATRI-001', NULL),
	(258, 86, 'MPN', '9Z777BLZ', 'TURBOCHARGER BLANKET', '', 'EA', 'CATERPILLAR', '261017', 'MM_Z001', 'VHS', 'PV_40AB_40AB', 'M001 - Spareparts', 'SPAREPART', '012 - Stock TPN', 'COMPONENT & SPAREPART', 'V', 'PURCH_AS_REQ', 'PD_EX', '', 'CAT777E', '', '', '', NULL, '', NULL, NULL, NULL, NULL, NULL, 1075.00, 'Belum Terextend All Plant ID', 'APPROVED', 2, '2026-05-13 18:01:34', NULL, 0, '2026-05-13 11:00:31', '2026-05-13 11:01:34', '20260513110031764-ATRI-002', NULL),
	(259, 86, 'MPN', '704-30-34120', 'PUMP ASSEMBLY', '', 'EA', 'KOMATSU', '401515', 'MM_Z001', 'VHS', 'PV_40AB_40AB', 'M001 - Spareparts', 'SPAREPART', '012 - Stock TPN', 'COMPONENT & SPAREPART', 'V', 'PURCH_AS_REQ', 'PD_EX', '', 'WA500-6R', '', '', '', NULL, '', NULL, NULL, NULL, NULL, NULL, 3504.00, 'Belum Terextend All Plant ID', 'APPROVED', 2, '2026-05-13 18:01:36', NULL, 0, '2026-05-13 11:00:31', '2026-05-13 11:01:36', '20260513110031764-ATRI-003', NULL),
	(260, 86, 'MPN', '14X-22-00154', 'POWER TRAIN ASSEMBLY', '', 'EA', 'KOMATSU', '261115', 'MM_Z001', 'VHS', 'PV_40AB_40AB', 'M001 - Spareparts', 'SPAREPART', '012 - Stock TPN', 'COMPONENT & SPAREPART', 'V', 'PURCH_AS_REQ', 'PD_EX', '', 'D85ESS-2', '', '', '', NULL, '', NULL, NULL, NULL, NULL, NULL, 172001.00, 'Belum Terextend All Plant ID', 'APPROVED', 2, '2026-05-13 18:01:37', NULL, 0, '2026-05-13 11:00:31', '2026-05-13 11:01:37', '20260513110031764-ATRI-004', NULL),
	(261, 87, 'MPN', '246-2648', 'TRANSFER GEAR', '', 'EA', 'CATERPILLAR', '311717', 'MM_Z001', 'VHS', 'PV_40AB_40AB', 'M001 - Spareparts', 'COMPONENT', '012 - Stock TPN', 'COMPONENT & SPAREPART', 'V', 'PURCH_AS_REQ', 'PD_EX', '', 'CAT777E', '', '', '', NULL, '', NULL, NULL, NULL, NULL, NULL, 31117.00, 'Belum Terextend All Plant ID', 'APPROVED', 2, '2026-05-18 08:10:12', NULL, 0, '2026-05-18 01:06:43', '2026-05-18 01:10:12', '20260518010643250-ATRI-001', NULL),
	(262, 87, 'MPN', '195-22-75290', 'COVER', '', 'EA', 'KOMATSU', '401416', 'MM_Z001', 'VHS', 'PV_40AB_40AB', 'M001 - Spareparts', 'SPAREPART', '012 - Stock TPN', 'COMPONENT & SPAREPART', 'V', 'PURCH_AS_REQ', 'PD_EX', '', 'D375A-6R', '', '', '', NULL, '', NULL, NULL, NULL, NULL, NULL, 357.00, 'Belum Terextend All Plant ID', 'APPROVED', 2, '2026-05-18 08:10:14', NULL, 0, '2026-05-18 01:06:43', '2026-05-18 01:10:14', '20260518010643250-ATRI-002', NULL),
	(263, 87, 'MPN', '14X-22-00154', 'POWER TRAIN ASSEMBLY', '', 'EA', 'KOMATSU', '261115', 'MM_Z001', 'VHS', 'PV_40AB_40AB', 'M001 - Spareparts', 'SPAREPART', '012 - Stock TPN', 'COMPONENT & SPAREPART', 'V', 'PURCH_AS_REQ', 'PD_EX', '', 'D85ESS-2', '', '', '', NULL, '', NULL, NULL, NULL, NULL, NULL, 172001.00, 'Belum Terextend All Plant ID', 'APPROVED', 2, '2026-05-18 08:10:10', NULL, 0, '2026-05-18 01:06:43', '2026-05-18 01:10:10', '20260518010643250-ATRI-003', NULL),
	(264, 89, 'MPN', '246-2648', 'TRANSFER GEAR', '', 'EA', 'CATERPILLAR', '311717', 'MM_Z001', 'VHS', 'PV_40AB_40AB', 'M001 - Spareparts', 'COMPONENT', '012 - Stock TPN', 'COMPONENT & SPAREPART', 'V', 'PURCH_AS_REQ', 'PD_EX', '', 'CAT777E', '', '', '', NULL, '', NULL, NULL, NULL, NULL, NULL, 31117.00, 'Belum Terextend All Plant ID', 'PENDING', NULL, NULL, NULL, 0, '2026-05-19 03:41:06', '2026-05-19 03:41:06', '20260519034106424-ATRI-001', NULL),
	(265, 89, 'MPN', '9Z777BLZ', 'TURBOCHARGER BLANKET', '', 'EA', 'CATERPILLAR', '261017', 'MM_Z001', 'VHS', 'PV_40AB_40AB', 'M001 - Spareparts', 'SPAREPART', '012 - Stock TPN', 'COMPONENT & SPAREPART', 'V', 'PURCH_AS_REQ', 'PD_EX', '', 'CAT777E', '', '', '', NULL, '', NULL, NULL, NULL, NULL, NULL, 1075.00, 'Belum Terextend All Plant ID', 'PENDING', NULL, NULL, NULL, 0, '2026-05-19 03:41:06', '2026-05-19 03:41:06', '20260519034106424-ATRI-002', NULL),
	(266, 89, 'MPN', '704-30-34120', 'PUMP ASSEMBLY', '', 'EA', 'KOMATSU', '401515', 'MM_Z001', 'VHS', 'PV_40AB_40AB', 'M001 - Spareparts', 'SPAREPART', '012 - Stock TPN', 'COMPONENT & SPAREPART', 'V', 'PURCH_AS_REQ', 'PD_EX', '', 'WA500-6R', '', '', '', NULL, '', NULL, NULL, NULL, NULL, NULL, 3504.00, 'Belum Terextend All Plant ID', 'PENDING', NULL, NULL, NULL, 0, '2026-05-19 03:41:06', '2026-05-19 03:41:06', '20260519034106424-ATRI-003', NULL),
	(267, 89, 'MPN', '195-22-75290', 'COVER', '', 'EA', 'KOMATSU', '401416', 'MM_Z001', 'VHS', 'PV_40AB_40AB', 'M001 - Spareparts', 'SPAREPART', '012 - Stock TPN', 'COMPONENT & SPAREPART', 'V', 'PURCH_AS_REQ', 'PD_EX', '', 'D375A-6R', '', '', '', NULL, '', NULL, NULL, NULL, NULL, NULL, 357.00, 'Belum Terextend All Plant ID', 'PENDING', NULL, NULL, NULL, 0, '2026-05-19 03:41:06', '2026-05-19 03:41:06', '20260519034106424-ATRI-004', NULL),
	(268, 89, 'MPN', '14X-22-00154', 'POWER TRAIN ASSEMBLY', '', 'EA', 'KOMATSU', '261115', 'MM_Z001', 'VHS', 'PV_40AB_40AB', 'M001 - Spareparts', 'SPAREPART', '012 - Stock TPN', 'COMPONENT & SPAREPART', 'V', 'PURCH_AS_REQ', 'PD_EX', '', 'D85ESS-2', '', '', '', NULL, '', NULL, NULL, NULL, NULL, NULL, 172001.00, 'Belum Terextend All Plant ID', 'PENDING', NULL, NULL, NULL, 0, '2026-05-19 03:41:06', '2026-05-19 03:41:06', '20260519034106424-ATRI-005', NULL),
	(269, 90, 'MPN', '246-2648', 'TRANSFER GEAR', '', 'EA', 'CATERPILLAR', '311717', 'MM_Z001', 'VHS', 'PV_40AB_40AB', 'M001 - Spareparts', 'COMPONENT', '012 - Stock TPN', 'COMPONENT & SPAREPART', 'V', 'PURCH_AS_REQ', 'PD_EX', '', 'CAT777E', '', '', '', NULL, '', NULL, NULL, NULL, NULL, NULL, 31117.00, 'Belum Terextend All Plant ID', 'PENDING', NULL, NULL, NULL, 0, '2026-05-19 03:43:54', '2026-05-19 03:43:54', '20260519034354759-ATRI-001', NULL),
	(270, 90, 'MPN', '9Z777BLZ', 'TURBOCHARGER BLANKET', '', 'EA', 'CATERPILLAR', '261017', 'MM_Z001', 'VHS', 'PV_40AB_40AB', 'M001 - Spareparts', 'SPAREPART', '012 - Stock TPN', 'COMPONENT & SPAREPART', 'V', 'PURCH_AS_REQ', 'PD_EX', '', 'CAT777E', '', '', '', NULL, '', NULL, NULL, NULL, NULL, NULL, 1075.00, 'Belum Terextend All Plant ID', 'PENDING', NULL, NULL, NULL, 0, '2026-05-19 03:43:54', '2026-05-19 03:43:54', '20260519034354759-ATRI-002', NULL),
	(271, 90, 'MPN', '195-22-75290', 'COVER', '', 'EA', 'KOMATSU', '401416', 'MM_Z001', 'VHS', 'PV_40AB_40AB', 'M001 - Spareparts', 'SPAREPART', '012 - Stock TPN', 'COMPONENT & SPAREPART', 'V', 'PURCH_AS_REQ', 'PD_EX', '', 'D375A-6R', '', '', '', NULL, '', NULL, NULL, NULL, NULL, NULL, 357.00, 'Belum Terextend All Plant ID', 'PENDING', NULL, NULL, NULL, 0, '2026-05-19 03:43:54', '2026-05-19 03:43:54', '20260519034354759-ATRI-003', NULL),
	(272, 90, 'MPN', '14X-22-00154', 'POWER TRAIN ASSEMBLY', '', 'EA', 'KOMATSU', '261115', 'MM_Z001', 'VHS', 'PV_40AB_40AB', 'M001 - Spareparts', 'SPAREPART', '012 - Stock TPN', 'COMPONENT & SPAREPART', 'V', 'PURCH_AS_REQ', 'PD_EX', '', 'D85ESS-2', '', '', '', NULL, '', NULL, NULL, NULL, NULL, NULL, 172001.00, 'Belum Terextend All Plant ID', 'PENDING', NULL, NULL, NULL, 0, '2026-05-19 03:43:54', '2026-05-19 03:43:54', '20260519034354759-ATRI-004', NULL),
	(273, 91, 'MPN', '246-2648', 'TRANSFER GEAR', '', 'EA', 'CATERPILLAR', '311717', 'MM_Z001', 'VHS', 'PV_40AB_40AB', 'M001 - Spareparts', 'COMPONENT', '012 - Stock TPN', 'COMPONENT & SPAREPART', 'V', 'PURCH_AS_REQ', 'PD_EX', '', 'CAT777E', '', '', '', NULL, '', NULL, NULL, NULL, NULL, NULL, 31117.00, 'Belum Terextend All Plant ID', 'APPROVED', 2, '2026-05-19 11:40:13', NULL, 0, '2026-05-19 03:50:16', '2026-05-19 04:40:13', '20260519035016171-ATRI-001', NULL),
	(274, 91, 'MPN', '9Z777BLZ', 'TURBOCHARGER BLANKET', '', 'EA', 'CATERPILLAR', '261017', 'MM_Z001', 'VHS', 'PV_40AB_40AB', 'M001 - Spareparts', 'SPAREPART', '012 - Stock TPN', 'COMPONENT & SPAREPART', 'V', 'PURCH_AS_REQ', 'PD_EX', '', 'CAT777E', '', '', '', NULL, '', NULL, NULL, NULL, NULL, NULL, 1075.00, 'Belum Terextend All Plant ID', 'APPROVED', 2, '2026-05-19 11:40:14', NULL, 0, '2026-05-19 03:50:16', '2026-05-19 04:40:14', '20260519035016171-ATRI-002', NULL),
	(275, 91, 'MPN', '704-30-34120', 'PUMP ASSEMBLY', '', 'EA', 'KOMATSU', '401515', 'MM_Z001', 'VHS', 'PV_40AB_40AB', 'M001 - Spareparts', 'SPAREPART', '012 - Stock TPN', 'COMPONENT & SPAREPART', 'V', 'PURCH_AS_REQ', 'PD_EX', '', 'WA500-6R', '', '', '', NULL, '', NULL, NULL, NULL, NULL, NULL, 3504.00, 'Belum Terextend All Plant ID', 'APPROVED', 2, '2026-05-19 11:40:15', NULL, 0, '2026-05-19 03:50:16', '2026-05-19 04:40:15', '20260519035016171-ATRI-003', NULL),
	(276, 91, 'MPN', '99707015601', 'O-RING', '', 'EA', 'TADANO', '314015', 'MM_Z001', 'VHS', 'PV_40AB_40AB', 'M001 - Spareparts', 'SPAREPART', '012 - Stock TPN', 'COMPONENT & SPAREPART', 'V', 'PURCH_AS_REQ', 'PD_EX', '', 'ATF110', '', '', '', NULL, '', NULL, NULL, NULL, NULL, NULL, 19.00, 'Belum Terextend All Plant ID', 'APPROVED', 2, '2026-05-19 11:40:19', NULL, 0, '2026-05-19 03:50:16', '2026-05-19 04:40:19', '20260519035016171-ATRI-004', NULL),
	(277, 91, 'MPN', '2650495860', 'SEAL SHAFT', '', 'EA', 'ATLASCOPCO', '401517', 'MM_Z001', 'VHS', 'PV_40AB_40AB', 'M001 - Spareparts', 'SPAREPART', '012 - Stock TPN', 'COMPONENT & SPAREPART', 'V', 'PURCH_AS_REQ', 'PD_EX', '', 'DM30', '', '', '', NULL, '', NULL, NULL, NULL, NULL, NULL, 180.00, 'Belum Terextend All Plant ID', 'APPROVED', 2, '2026-05-19 11:40:21', NULL, 0, '2026-05-19 03:50:16', '2026-05-19 04:40:21', '20260519035016171-ATRI-005', NULL),
	(278, 91, 'MPN', '195-22-75290', 'COVER', '', 'EA', 'KOMATSU', '401416', 'MM_Z001', 'VHS', 'PV_40AB_40AB', 'M001 - Spareparts', 'SPAREPART', '012 - Stock TPN', 'COMPONENT & SPAREPART', 'V', 'PURCH_AS_REQ', 'PD_EX', '', 'D375A-6R', '', '', '', NULL, '', NULL, NULL, NULL, NULL, NULL, 357.00, 'Belum Terextend All Plant ID', 'REJECTED', 5, '2026-05-19 11:41:12', NULL, 0, '2026-05-19 03:50:16', '2026-05-19 04:41:12', '20260519035016171-ATRI-006', NULL),
	(279, 91, 'MPN', '14X-22-00154', 'POWER TRAIN ASSEMBLY', '', 'EA', 'KOMATSU', '261115', 'MM_Z001', 'VHS', 'PV_40AB_40AB', 'M001 - Spareparts', 'SPAREPART', '012 - Stock TPN', 'COMPONENT & SPAREPART', 'V', 'PURCH_AS_REQ', 'PD_EX', '', 'D85ESS-2', '', '', '', NULL, '', NULL, NULL, NULL, NULL, NULL, 172001.00, 'Belum Terextend All Plant ID', 'REJECTED', 2, '2026-05-19 11:40:26', NULL, 0, '2026-05-19 03:50:16', '2026-05-19 04:40:26', '20260519035016171-ATRI-007', NULL),
	(280, 92, '', '246-2648', 'TRANSFER GEAR', '', 'ggggggg', 'CATERPILLAR', '261115', '', '', '', '', '', '', '', '', '', '', '', '', '', '', '', NULL, '', NULL, NULL, NULL, NULL, NULL, NULL, '', 'PENDING', NULL, NULL, NULL, 0, '2026-05-19 03:56:15', '2026-05-19 03:56:15', '20260519035615146-ATRI-001', NULL),
	(281, 93, 'MPN', '246-2648', 'TRANSFER GEAR', '', 'EA', 'CATERPILLAR', '311717', 'MM_Z001', 'VHS', 'PV_40AB_40AB', 'M001 - Spareparts', 'COMPONENT', '012 - Stock TPN', 'COMPONENT & SPAREPART', 'V', 'PURCH_AS_REQ', 'PD_EX', '', 'CAT777E', '', '', '', NULL, '', NULL, NULL, NULL, NULL, NULL, 31117.00, 'Belum Terextend All Plant ID', 'APPROVED', 2, '2026-05-19 11:04:01', NULL, 0, '2026-05-19 04:00:58', '2026-05-19 04:04:01', '20260519040058938-ATRI-001', NULL),
	(282, 94, 'MPN', '246-2648', 'TRANSFER GEAR', '', 'EA', 'CATERPILLAR', '311717', 'MM_Z001', 'VHS', 'PV_40AB_40AB', 'M001 - Spareparts', 'COMPONENT', '012 - Stock TPN', 'COMPONENT & SPAREPART', 'V', 'PURCH_AS_REQ', 'PD_EX', '', 'CAT777E', '', '', '', NULL, '', NULL, NULL, NULL, NULL, NULL, 31117.00, 'Belum Terextend All Plant ID', 'APPROVED', 7, '2026-05-21 10:31:20', NULL, 0, '2026-05-19 04:02:36', '2026-05-21 03:31:20', '20260519040236424-ADRO-001', NULL),
	(283, 94, 'MPN', '9Z777BLZ', 'TURBOCHARGER BLANKET', '', 'EA', 'CATERPILLAR', '261017', 'MM_Z001', 'VHS', 'PV_40AB_40AB', 'M001 - Spareparts', 'SPAREPART', '012 - Stock TPN', 'COMPONENT & SPAREPART', 'V', 'PURCH_AS_REQ', 'PD_EX', '', 'CAT777E', '', '', '', NULL, '', NULL, NULL, NULL, NULL, NULL, 1075.00, 'Belum Terextend All Plant ID', 'APPROVED', 7, '2026-05-21 10:31:22', NULL, 0, '2026-05-19 04:02:36', '2026-05-21 03:31:22', '20260519040236424-ADRO-002', NULL),
	(284, 94, 'MPN', '704-30-34120', 'PUMP ASSEMBLY', '', 'EA', 'KOMATSU', '401515', 'MM_Z001', 'VHS', 'PV_40AB_40AB', 'M001 - Spareparts', 'SPAREPART', '012 - Stock TPN', 'COMPONENT & SPAREPART', 'V', 'PURCH_AS_REQ', 'PD_EX', '', 'WA500-6R', '', '', '', NULL, '', NULL, NULL, NULL, NULL, NULL, 3504.00, 'Belum Terextend All Plant ID', 'APPROVED', 7, '2026-05-21 10:31:25', NULL, 0, '2026-05-19 04:02:36', '2026-05-21 03:31:25', '20260519040236424-ADRO-003', NULL),
	(285, 94, 'MPN', '99707015601', 'O-RING', '', 'EA', 'TADANO', '314015', 'MM_Z001', 'VHS', 'PV_40AB_40AB', 'M001 - Spareparts', 'SPAREPART', '012 - Stock TPN', 'COMPONENT & SPAREPART', 'V', 'PURCH_AS_REQ', 'PD_EX', '', 'ATF110', '', '', '', NULL, '', NULL, NULL, NULL, NULL, NULL, 19.00, 'Belum Terextend All Plant ID', 'APPROVED', 7, '2026-05-21 10:31:27', NULL, 0, '2026-05-19 04:02:36', '2026-05-21 03:31:27', '20260519040236424-ADRO-005', NULL),
	(286, 94, 'MPN', '2650495860', 'SEAL SHAFT', '', 'EA', 'ATLASCOPCO', '401517', 'MM_Z001', 'VHS', 'PV_40AB_40AB', 'M001 - Spareparts', 'SPAREPART', '012 - Stock TPN', 'COMPONENT & SPAREPART', 'V', 'PURCH_AS_REQ', 'PD_EX', '', 'DM30', '', '', '', NULL, '', NULL, NULL, NULL, NULL, NULL, 180.00, 'Belum Terextend All Plant ID', 'APPROVED', 7, '2026-05-21 10:31:30', NULL, 0, '2026-05-19 04:02:36', '2026-05-21 03:31:30', '20260519040236424-ADRO-006', NULL),
	(287, 94, 'MPN', '195-22-75290', 'COVER', '', 'EA', 'KOMATSU', '401416', 'MM_Z001', 'VHS', 'PV_40AB_40AB', 'M001 - Spareparts', 'SPAREPART', '012 - Stock TPN', 'COMPONENT & SPAREPART', 'V', 'PURCH_AS_REQ', 'PD_EX', '', 'D375A-6R', '', '', '', NULL, '', NULL, NULL, NULL, NULL, NULL, 357.00, 'Belum Terextend All Plant ID', 'APPROVED', 7, '2026-05-21 10:31:31', NULL, 0, '2026-05-19 04:02:36', '2026-05-21 03:31:31', '20260519040236424-ADRO-007', NULL),
	(288, 94, 'MPN', '14X-22-00154', 'POWER TRAIN ASSEMBLY', '', 'EA', 'KOMATSU', '261115', 'MM_Z001', 'VHS', 'PV_40AB_40AB', 'M001 - Spareparts', 'SPAREPART', '012 - Stock TPN', 'COMPONENT & SPAREPART', 'V', 'PURCH_AS_REQ', 'PD_EX', '', 'D85ESS-2', '', '', '', NULL, '', NULL, NULL, NULL, NULL, NULL, 172001.00, 'Belum Terextend All Plant ID', 'APPROVED', 7, '2026-05-21 10:31:33', NULL, 0, '2026-05-19 04:02:36', '2026-05-21 03:31:33', '20260519040236424-ADRO-008', NULL),
	(289, 95, 'MPN', '246-2648', 'TRANSFER GEAR', '', 'EA', 'CATERPILLAR', '311717', 'MM_Z001', 'VHS', 'PV_40AB_40AB', 'M001 - Spareparts', 'COMPONENT', '012 - Stock TPN', 'COMPONENT & SPAREPART', 'V', 'PURCH_AS_REQ', 'PD_EX', '', 'CAT777E', '', '', '', NULL, '', NULL, NULL, NULL, NULL, NULL, 31117.00, 'Belum Terextend All Plant ID', 'REJECTED', 5, '2026-05-19 11:19:24', NULL, 0, '2026-05-19 04:11:56', '2026-05-19 04:19:24', '20260519041156181-ATRI-001', NULL),
	(290, 95, 'MPN', '9Z777BLZ', 'TURBOCHARGER BLANKET', '', 'EA', 'CATERPILLAR', '261017', 'MM_Z001', 'VHS', 'PV_40AB_40AB', 'M001 - Spareparts', 'SPAREPART', '012 - Stock TPN', 'COMPONENT & SPAREPART', 'V', 'PURCH_AS_REQ', 'PD_EX', '', 'CAT777E', '', '', '', NULL, '', NULL, NULL, NULL, NULL, NULL, 1075.00, 'Belum Terextend All Plant ID', 'APPROVED', 2, '2026-05-19 11:12:46', NULL, 0, '2026-05-19 04:11:56', '2026-05-19 04:12:46', '20260519041156181-ATRI-002', NULL),
	(291, 95, 'MPN', '704-30-34120', 'PUMP ASSEMBLY', '', 'EA', 'KOMATSU', '401515', 'MM_Z001', 'VHS', 'PV_40AB_40AB', 'M001 - Spareparts', 'SPAREPART', '012 - Stock TPN', 'COMPONENT & SPAREPART', 'V', 'PURCH_AS_REQ', 'PD_EX', '', 'WA500-6R', '', '', '', NULL, '', NULL, NULL, NULL, NULL, NULL, 3504.00, 'Belum Terextend All Plant ID', 'APPROVED', 2, '2026-05-19 11:12:47', NULL, 0, '2026-05-19 04:11:56', '2026-05-19 04:12:47', '20260519041156181-ATRI-003', NULL),
	(292, 95, 'MPN', '99707015601', 'O-RING', '', 'EA', 'TADANO', '314015', 'MM_Z001', 'VHS', 'PV_40AB_40AB', 'M001 - Spareparts', 'SPAREPART', '012 - Stock TPN', 'COMPONENT & SPAREPART', 'V', 'PURCH_AS_REQ', 'PD_EX', '', 'ATF110', '', '', '', NULL, '', NULL, NULL, NULL, NULL, NULL, 19.00, 'Belum Terextend All Plant ID', 'REJECTED', 5, '2026-05-19 11:14:37', NULL, 0, '2026-05-19 04:11:56', '2026-05-19 04:14:37', '20260519041156181-ATRI-004', NULL),
	(293, 95, 'MPN', '2650495860', 'SEAL SHAFT', '', 'EA', 'ATLASCOPCO', '401517', 'MM_Z001', 'VHS', 'PV_40AB_40AB', 'M001 - Spareparts', 'SPAREPART', '012 - Stock TPN', 'COMPONENT & SPAREPART', 'V', 'PURCH_AS_REQ', 'PD_EX', '', 'DM30', '', '', '', NULL, '', NULL, NULL, NULL, NULL, NULL, 180.00, 'Belum Terextend All Plant ID', 'REJECTED', 2, '2026-05-19 11:12:53', NULL, 0, '2026-05-19 04:11:56', '2026-05-19 04:12:53', '20260519041156181-ATRI-005', NULL),
	(294, 95, 'MPN', '195-22-75290', 'COVER', '', 'EA', 'KOMATSU', '401416', 'MM_Z001', 'VHS', 'PV_40AB_40AB', 'M001 - Spareparts', 'SPAREPART', '012 - Stock TPN', 'COMPONENT & SPAREPART', 'V', 'PURCH_AS_REQ', 'PD_EX', '', 'D375A-6R', '', '', '', NULL, '', NULL, NULL, NULL, NULL, NULL, 357.00, 'Belum Terextend All Plant ID', 'REJECTED', 2, '2026-05-19 11:13:01', NULL, 0, '2026-05-19 04:11:56', '2026-05-19 04:13:01', '20260519041156181-ATRI-006', NULL),
	(295, 95, 'MPN', '14X-22-00154', 'POWER TRAIN ASSEMBLY', '', 'EA', 'KOMATSU', '261115', 'MM_Z001', 'VHS', 'PV_40AB_40AB', 'M001 - Spareparts', 'SPAREPART', '012 - Stock TPN', 'COMPONENT & SPAREPART', 'V', 'PURCH_AS_REQ', 'PD_EX', '', 'D85ESS-2', '', '', '', NULL, '', NULL, NULL, NULL, NULL, NULL, 172001.00, 'Belum Terextend All Plant ID', 'REJECTED', 2, '2026-05-19 11:13:06', NULL, 0, '2026-05-19 04:11:56', '2026-05-19 04:13:06', '20260519041156181-ATRI-007', NULL);

-- membuang struktur untuk table mdm_portal.request_detail_service
CREATE TABLE IF NOT EXISTS `request_detail_service` (
  `id` int NOT NULL AUTO_INCREMENT,
  `request_id` int NOT NULL,
  `mig_counter` varchar(30) DEFAULT NULL,
  `service_number` varchar(50) DEFAULT NULL,
  `description` varchar(255) NOT NULL,
  `uom` varchar(20) NOT NULL,
  `service_group` varchar(100) NOT NULL,
  `service_category` varchar(100) NOT NULL,
  `valuation_class` varchar(10) DEFAULT NULL,
  `remarks` text,
  `status` varchar(50) NOT NULL DEFAULT 'PENDING',
  `reviewed_by` int DEFAULT NULL,
  `reviewed_at` datetime DEFAULT NULL,
  `reject_reason` varchar(255) DEFAULT NULL,
  `is_forwarded` tinyint(1) NOT NULL DEFAULT '0',
  `created_at` timestamp NOT NULL DEFAULT CURRENT_TIMESTAMP,
  `updated_at` timestamp NOT NULL DEFAULT CURRENT_TIMESTAMP ON UPDATE CURRENT_TIMESTAMP,
  `image_url` varchar(255) DEFAULT NULL,
  PRIMARY KEY (`id`),
  KEY `fk_rds_request` (`request_id`),
  KEY `fk_rds_reviewer` (`reviewed_by`),
  CONSTRAINT `fk_rds_request` FOREIGN KEY (`request_id`) REFERENCES `request_header` (`id`),
  CONSTRAINT `fk_rds_reviewer` FOREIGN KEY (`reviewed_by`) REFERENCES `users` (`id`)
) ENGINE=InnoDB AUTO_INCREMENT=8 DEFAULT CHARSET=latin1;

-- Membuang data untuk tabel mdm_portal.request_detail_service: ~7 rows (lebih kurang)
INSERT INTO `request_detail_service` (`id`, `request_id`, `mig_counter`, `service_number`, `description`, `uom`, `service_group`, `service_category`, `valuation_class`, `remarks`, `status`, `reviewed_by`, `reviewed_at`, `reject_reason`, `is_forwarded`, `created_at`, `updated_at`, `image_url`) VALUES
	(1, 84, NULL, '111111', 'TRANSFER GEAR', 'aaaaaaaaaaaaaaaa', '', '', '', '', 'APPROVED', 2, '2026-05-12 15:46:20', NULL, 0, '2026-05-12 08:38:35', '2026-05-12 08:46:20', NULL),
	(2, 85, '20260512100203422-ATRI-001', '111111', 'COVER', '111111111111111', '111111111111', 'Z001-ATRI', 'S006', '', 'APPROVED', 2, '2026-05-12 17:02:15', NULL, 0, '2026-05-12 10:02:03', '2026-05-12 10:02:15', NULL),
	(3, 88, '20260518083206848-ATRI-001', '', 'SEAL SHAFT', 'ggggggg', 'EA', 'Z001-ADARO', 'S005', 'i', 'APPROVED', 2, '2026-05-18 15:32:59', NULL, 0, '2026-05-18 08:32:06', '2026-05-18 08:32:59', NULL),
	(4, 96, '20260519090501009-ATRI-001', '72154501', 'REAR SUSPENSION_ROD SURFACE RPR SVC', '', '', 'Z001-ATRI', 'S009', '', 'APPROVED', 2, '2026-05-19 16:06:11', NULL, 0, '2026-05-19 09:05:01', '2026-05-19 09:06:11', NULL),
	(5, 96, '20260519090501009-ATRI-002', '72154501', 'REAR SUSPENSION_HEAD TUBE RPR SVC', '', '', 'Z001-ATRI', 'S009', '', 'APPROVED', 2, '2026-05-19 16:06:12', NULL, 0, '2026-05-19 09:05:01', '2026-05-19 09:06:12', NULL),
	(6, 96, '20260519090501009-ATRI-003', '72154501', 'REAR SUSPENSION_ID END CAP RPR SVC', '', '', 'Z001-ATRI', 'S009', '', 'APPROVED', 2, '2026-05-19 16:06:14', NULL, 0, '2026-05-19 09:05:01', '2026-05-19 09:06:14', NULL),
	(7, 96, '20260519090501009-ATRI-004', '72154501', 'REAR SUSPENSION_POPPET RPR SVC', '', '', 'Z001-ATRI', 'S009', '', 'APPROVED', 2, '2026-05-19 16:06:18', NULL, 0, '2026-05-19 09:05:01', '2026-05-19 09:06:18', NULL);

-- membuang struktur untuk table mdm_portal.request_header
CREATE TABLE IF NOT EXISTS `request_header` (
  `id` int NOT NULL AUTO_INCREMENT,
  `request_no` varchar(50) CHARACTER SET latin1 COLLATE latin1_swedish_ci DEFAULT NULL,
  `requestor_id` int NOT NULL,
  `company_id` int NOT NULL,
  `departemen` varchar(100) NOT NULL,
  `request_type` varchar(50) NOT NULL,
  `request_date` date NOT NULL,
  `status` varchar(50) NOT NULL DEFAULT 'DRAFT',
  `current_step` varchar(50) NOT NULL DEFAULT 'MDM_BU',
  `general_approved_by` int DEFAULT NULL,
  `general_approved_at` datetime DEFAULT NULL,
  `submitted_at` timestamp NULL DEFAULT NULL,
  `created_at` timestamp NOT NULL DEFAULT CURRENT_TIMESTAMP,
  `updated_at` timestamp NOT NULL DEFAULT CURRENT_TIMESTAMP ON UPDATE CURRENT_TIMESTAMP,
  PRIMARY KEY (`id`),
  UNIQUE KEY `request_no` (`request_no`),
  KEY `fk_rh_requestor` (`requestor_id`),
  KEY `fk_rh_general_approver` (`general_approved_by`),
  CONSTRAINT `fk_rh_general_approver` FOREIGN KEY (`general_approved_by`) REFERENCES `users` (`id`),
  CONSTRAINT `fk_rh_requestor` FOREIGN KEY (`requestor_id`) REFERENCES `users` (`id`)
) ENGINE=InnoDB AUTO_INCREMENT=97 DEFAULT CHARSET=latin1;

-- Membuang data untuk tabel mdm_portal.request_header: ~71 rows (lebih kurang)
INSERT INTO `request_header` (`id`, `request_no`, `requestor_id`, `company_id`, `departemen`, `request_type`, `request_date`, `status`, `current_step`, `general_approved_by`, `general_approved_at`, `submitted_at`, `created_at`, `updated_at`) VALUES
	(26, 'MAT-2026-0026', 1, 1, 'BP', 'MATERIAL', '2026-04-29', 'COMPLETED', 'COMPLETED', NULL, NULL, NULL, '2026-04-29 04:32:46', '2026-05-07 01:21:20'),
	(27, 'MAT-2026-0027', 1, 1, 'BP', 'MATERIAL', '2026-04-29', 'COMPLETED', 'COMPLETED', NULL, NULL, NULL, '2026-04-29 04:33:35', '2026-05-07 01:37:34'),
	(28, 'MAT-2026-0028', 1, 1, 'BP', 'MATERIAL', '2026-04-29', 'REJECTED', 'REJECTED', NULL, NULL, NULL, '2026-04-29 04:34:25', '2026-05-04 10:15:30'),
	(29, 'MAT-2026-0029', 1, 1, 'BP', 'MATERIAL', '2026-04-29', 'REJECTED', 'REJECTED', NULL, NULL, NULL, '2026-04-29 04:34:42', '2026-05-04 07:55:10'),
	(30, 'MAT-2026-0030', 1, 1, 'BP', 'MATERIAL', '2026-04-29', 'REJECTED', 'REJECTED', NULL, NULL, NULL, '2026-04-29 04:37:26', '2026-04-30 07:44:22'),
	(31, 'MAT-2026-0031', 1, 1, 'BP', 'MATERIAL', '2026-04-30', 'REJECTED', 'REJECTED', NULL, NULL, '2026-04-30 09:12:28', '2026-04-30 09:12:28', '2026-05-04 07:27:37'),
	(32, 'MAT-2026-0032', 1, 1, 'BP', 'MATERIAL', '2026-05-05', 'REJECTED', 'REJECTED', NULL, NULL, NULL, '2026-05-05 09:46:53', '2026-05-07 01:29:57'),
	(33, 'MAT-2026-0033', 1, 1, 'BP', 'MATERIAL', '2026-05-05', 'COMPLETED', 'COMPLETED', NULL, NULL, NULL, '2026-05-05 09:55:28', '2026-05-07 01:32:33'),
	(34, 'MAT-2026-0034', 1, 1, 'BP', 'MATERIAL', '2026-05-05', 'COMPLETED', 'COMPLETED', NULL, NULL, NULL, '2026-05-05 09:59:51', '2026-05-07 01:08:39'),
	(35, 'MAT-2026-0035', 1, 1, 'BP', 'MATERIAL', '2026-05-05', 'COMPLETED', 'COMPLETED', NULL, NULL, '2026-05-05 10:02:48', '2026-05-05 10:02:48', '2026-05-06 02:05:42'),
	(36, 'MAT-2026-0036', 1, 1, 'BP', 'MATERIAL', '2026-05-05', 'REJECTED', 'REJECTED', NULL, NULL, '2026-05-05 10:04:58', '2026-05-05 10:04:58', '2026-05-06 01:04:15'),
	(37, 'MAT-2026-0037', 1, 1, 'BP', 'MATERIAL', '2026-05-05', 'COMPLETED', 'COMPLETED', NULL, NULL, '2026-05-05 10:15:14', '2026-05-05 10:15:14', '2026-05-05 10:32:45'),
	(38, 'MAT-2026-0038', 1, 1, 'BP', 'MATERIAL', '2026-05-05', 'COMPLETED', 'COMPLETED', NULL, NULL, '2026-05-05 10:45:50', '2026-05-05 10:45:50', '2026-05-07 01:02:44'),
	(39, 'MAT-2026-0039', 1, 1, 'BP', 'MATERIAL', '2026-05-07', 'COMPLETED', 'COMPLETED', NULL, NULL, '2026-05-07 01:54:47', '2026-05-07 01:54:47', '2026-05-07 01:55:54'),
	(40, 'MAT-2026-0040', 1, 1, 'BP', 'MATERIAL', '2026-05-07', 'COMPLETED', 'COMPLETED', NULL, NULL, '2026-05-07 02:03:54', '2026-05-07 02:03:54', '2026-05-07 02:06:12'),
	(41, 'MAT-2026-0041', 1, 1, 'BP', 'MATERIAL', '2026-05-07', 'COMPLETED', 'COMPLETED', NULL, NULL, '2026-05-07 02:04:12', '2026-05-07 02:04:12', '2026-05-07 02:05:27'),
	(42, 'MAT-2026-0042', 1, 1, 'BP', 'MATERIAL', '2026-05-07', 'COMPLETED', 'COMPLETED', NULL, NULL, '2026-05-07 02:16:21', '2026-05-07 02:16:21', '2026-05-07 02:19:18'),
	(43, 'MAT-2026-0043', 1, 1, 'BP', 'MATERIAL', '2026-05-07', 'COMPLETED', 'COMPLETED', NULL, NULL, '2026-05-07 02:16:38', '2026-05-07 02:16:38', '2026-05-07 02:39:10'),
	(44, 'MAT-2026-0044', 1, 1, 'BP', 'MATERIAL', '2026-05-07', 'COMPLETED', 'COMPLETED', NULL, NULL, '2026-05-07 03:10:56', '2026-05-07 03:10:56', '2026-05-07 03:12:44'),
	(45, 'MAT-2026-0045', 1, 1, 'BP', 'MATERIAL', '2026-05-07', 'COMPLETED', 'COMPLETED', NULL, NULL, '2026-05-07 03:11:15', '2026-05-07 03:11:15', '2026-05-07 03:30:32'),
	(46, 'MAT-2026-0046', 1, 1, 'BP', 'MATERIAL', '2026-05-07', 'COMPLETED', 'COMPLETED', NULL, NULL, '2026-05-07 03:30:02', '2026-05-07 03:30:02', '2026-05-07 06:20:23'),
	(47, 'MAT-2026-0047', 1, 1, 'BP', 'MATERIAL', '2026-05-07', 'COMPLETED', 'COMPLETED', NULL, NULL, '2026-05-07 07:48:52', '2026-05-07 07:48:52', '2026-05-07 07:51:34'),
	(48, 'MAT-2026-0048', 1, 1, 'BP', 'MATERIAL', '2026-05-07', 'COMPLETED', 'COMPLETED', NULL, NULL, '2026-05-07 07:49:17', '2026-05-07 07:49:17', '2026-05-07 07:56:24'),
	(49, 'MAT-2026-0049', 1, 1, 'BP', 'MATERIAL', '2026-05-07', 'COMPLETED', 'COMPLETED', NULL, NULL, '2026-05-07 08:16:20', '2026-05-07 08:16:20', '2026-05-07 08:17:12'),
	(50, 'MAT-2026-0050', 1, 1, 'BP', 'MATERIAL', '2026-05-07', 'COMPLETED', 'COMPLETED', NULL, NULL, '2026-05-07 08:28:27', '2026-05-07 08:28:27', '2026-05-07 08:29:35'),
	(51, 'MAT-2026-0051', 1, 1, 'BP', 'MATERIAL', '2026-05-07', 'COMPLETED', 'COMPLETED', NULL, NULL, '2026-05-07 08:32:38', '2026-05-07 08:32:38', '2026-05-07 08:34:26'),
	(52, 'MAT-2026-0052', 1, 1, 'BP', 'MATERIAL', '2026-05-07', 'COMPLETED', 'COMPLETED', NULL, NULL, '2026-05-07 09:31:05', '2026-05-07 09:31:05', '2026-05-07 09:32:04'),
	(53, 'MAT-2026-0053', 1, 1, 'BP', 'MATERIAL', '2026-05-08', 'COMPLETED', 'COMPLETED', NULL, NULL, '2026-05-08 02:12:22', '2026-05-08 02:12:22', '2026-05-08 02:13:52'),
	(54, 'MAT-2026-0054', 1, 1, 'BP', 'MATERIAL', '2026-05-08', 'COMPLETED', 'COMPLETED', NULL, NULL, '2026-05-08 02:16:36', '2026-05-08 02:16:36', '2026-05-08 02:33:18'),
	(55, 'MAT-2026-0055', 1, 1, 'BP', 'MATERIAL', '2026-05-08', 'COMPLETED', 'COMPLETED', NULL, NULL, '2026-05-08 02:20:37', '2026-05-08 02:20:37', '2026-05-08 02:22:42'),
	(56, 'MAT-2026-0056', 1, 1, 'BP', 'MATERIAL', '2026-05-08', 'COMPLETED', 'COMPLETED', NULL, NULL, '2026-05-08 02:30:48', '2026-05-08 02:30:48', '2026-05-08 02:39:11'),
	(57, 'MAT-2026-0057', 1, 1, 'BP', 'MATERIAL', '2026-05-08', 'COMPLETED', 'COMPLETED', NULL, NULL, '2026-05-08 02:31:09', '2026-05-08 02:31:09', '2026-05-08 02:45:17'),
	(58, 'MAT-2026-0058', 1, 1, 'BP', 'MATERIAL', '2026-05-08', 'COMPLETED', 'COMPLETED', NULL, NULL, '2026-05-08 02:48:13', '2026-05-08 02:48:13', '2026-05-08 02:50:19'),
	(59, 'MAT-2026-0059', 1, 1, 'BP', 'MATERIAL', '2026-05-08', 'COMPLETED', 'COMPLETED', NULL, NULL, '2026-05-08 04:02:00', '2026-05-08 04:02:00', '2026-05-08 04:03:32'),
	(60, 'MAT-2026-0060', 1, 1, 'BP', 'MATERIAL', '2026-05-08', 'COMPLETED', 'COMPLETED', NULL, NULL, '2026-05-08 06:22:30', '2026-05-08 06:22:30', '2026-05-08 06:24:14'),
	(61, 'MAT-2026-0061', 1, 1, 'BP', 'MATERIAL', '2026-05-08', 'COMPLETED', 'COMPLETED', NULL, NULL, '2026-05-08 06:25:21', '2026-05-08 06:25:21', '2026-05-08 06:27:20'),
	(62, 'MAT-2026-0062', 1, 1, 'BP', 'MATERIAL', '2026-05-08', 'COMPLETED', 'COMPLETED', NULL, NULL, '2026-05-08 06:33:05', '2026-05-08 06:33:05', '2026-05-08 06:34:14'),
	(63, 'MAT-2026-0063', 1, 1, 'BP', 'MATERIAL', '2026-05-08', 'COMPLETED', 'COMPLETED', NULL, NULL, '2026-05-08 07:01:00', '2026-05-08 07:01:00', '2026-05-08 07:04:25'),
	(64, 'MAT-2026-0064', 1, 1, 'BP', 'MATERIAL', '2026-05-08', 'COMPLETED', 'COMPLETED', NULL, NULL, '2026-05-08 07:14:33', '2026-05-08 07:14:33', '2026-05-08 07:18:28'),
	(65, 'MAT-2026-0065', 1, 1, 'BP', 'MATERIAL', '2026-05-08', 'COMPLETED', 'COMPLETED', NULL, NULL, '2026-05-08 07:38:57', '2026-05-08 07:38:57', '2026-05-08 07:40:50'),
	(66, 'MAT-2026-0066', 1, 1, 'BP', 'MATERIAL', '2026-05-08', 'COMPLETED', 'COMPLETED', NULL, NULL, '2026-05-08 07:46:13', '2026-05-08 07:46:13', '2026-05-08 07:47:14'),
	(67, 'MAT-2026-0067', 1, 1, 'BP', 'MATERIAL', '2026-05-08', 'COMPLETED', 'COMPLETED', NULL, NULL, '2026-05-08 08:02:16', '2026-05-08 08:02:16', '2026-05-08 08:02:44'),
	(68, 'MAT-2026-0068', 1, 1, 'BP', 'MATERIAL', '2026-05-08', 'COMPLETED', 'COMPLETED', NULL, NULL, '2026-05-08 08:08:22', '2026-05-08 08:08:22', '2026-05-08 08:09:05'),
	(69, 'MAT-2026-0069', 1, 1, 'BP', 'MATERIAL', '2026-05-08', 'COMPLETED', 'COMPLETED', NULL, NULL, '2026-05-08 08:13:39', '2026-05-08 08:13:39', '2026-05-08 08:14:21'),
	(70, 'MAT-2026-0070', 1, 1, 'BP', 'MATERIAL', '2026-05-08', 'COMPLETED', 'COMPLETED', NULL, NULL, '2026-05-08 08:18:42', '2026-05-08 08:18:42', '2026-05-08 08:19:15'),
	(71, 'MAT-2026-0071', 1, 1, 'BP', 'MATERIAL', '2026-05-08', 'COMPLETED', 'COMPLETED', NULL, NULL, '2026-05-08 08:32:46', '2026-05-08 08:32:46', '2026-05-08 08:33:10'),
	(72, 'MAT-2026-0072', 1, 1, 'BP', 'MATERIAL', '2026-05-08', 'COMPLETED', 'COMPLETED', NULL, NULL, '2026-05-08 08:46:58', '2026-05-08 08:46:58', '2026-05-08 08:47:27'),
	(73, 'MAT-2026-0073', 1, 1, 'BP', 'MATERIAL', '2026-05-08', 'PENDING', 'MDM Business Unit', NULL, NULL, '2026-05-08 10:42:59', '2026-05-08 10:42:59', '2026-05-08 10:42:59'),
	(74, 'MAT-2026-0074', 1, 1, 'BP', 'MATERIAL', '2026-05-08', 'COMPLETED', 'COMPLETED', NULL, NULL, '2026-05-08 10:44:44', '2026-05-08 10:44:44', '2026-05-08 10:54:13'),
	(75, 'MAT-2026-0075', 1, 1, 'BP', 'MATERIAL', '2026-05-12', 'COMPLETED', 'COMPLETED', NULL, NULL, '2026-05-12 01:27:17', '2026-05-12 01:27:17', '2026-05-18 07:46:22'),
	(76, 'MAT-2026-0076', 1, 1, 'BP', 'MATERIAL', '2026-05-12', 'PENDING', 'MDM Business Unit', NULL, NULL, '2026-05-12 01:32:51', '2026-05-12 01:32:51', '2026-05-12 01:32:51'),
	(77, 'MAT-2026-0077', 1, 1, 'BP', 'MATERIAL', '2026-05-12', 'COMPLETED', 'COMPLETED', NULL, NULL, '2026-05-12 01:37:11', '2026-05-12 01:37:11', '2026-05-18 08:29:49'),
	(78, 'MAT-2026-0078', 1, 1, 'BP', 'MATERIAL', '2026-05-12', 'REJECTED', 'REJECTED', NULL, NULL, '2026-05-12 01:49:38', '2026-05-12 01:49:38', '2026-05-18 01:11:27'),
	(79, 'MAT-2026-0079', 1, 1, 'BP', 'MATERIAL', '2026-05-12', 'COMPLETED', 'COMPLETED', NULL, NULL, '2026-05-12 01:54:21', '2026-05-12 01:54:21', '2026-05-12 03:58:26'),
	(80, 'MAT-2026-0080', 1, 1, 'BP', 'MATERIAL', '2026-05-12', 'COMPLETED', 'COMPLETED', NULL, NULL, '2026-05-12 01:59:27', '2026-05-12 01:59:27', '2026-05-12 03:55:18'),
	(81, 'MAT-2026-0081', 1, 1, 'BP', 'MATERIAL', '2026-05-12', 'COMPLETED', 'COMPLETED', NULL, NULL, '2026-05-12 02:18:21', '2026-05-12 02:18:21', '2026-05-12 04:07:22'),
	(82, 'SRV-2026-0082', 1, 1, 'BP', 'SERVICE', '2026-05-12', 'REJECTED', 'REJECTED', NULL, NULL, '2026-05-12 08:29:31', '2026-05-12 08:29:31', '2026-05-18 01:10:44'),
	(83, 'SRV-2026-0083', 1, 1, 'BP', 'SERVICE', '2026-05-12', 'REJECTED', 'REJECTED', NULL, NULL, '2026-05-12 08:35:25', '2026-05-12 08:35:25', '2026-05-18 01:10:34'),
	(84, 'SRV-2026-0084', 1, 1, 'BP', 'SERVICE', '2026-05-12', 'COMPLETED', 'COMPLETED', NULL, NULL, '2026-05-12 08:38:35', '2026-05-12 08:38:35', '2026-05-12 09:59:35'),
	(85, 'SRV-2026-0085', 1, 1, 'BP', 'SERVICE', '2026-05-12', 'COMPLETED', 'COMPLETED', NULL, NULL, '2026-05-12 10:02:03', '2026-05-12 10:02:03', '2026-05-12 10:02:48'),
	(86, 'MAT-2026-0086', 1, 1, 'BP', 'MATERIAL', '2026-05-13', 'COMPLETED', 'COMPLETED', NULL, NULL, '2026-05-13 11:00:31', '2026-05-13 11:00:31', '2026-05-18 08:09:58'),
	(87, 'MAT-2026-0087', 1, 1, 'BP', 'MATERIAL', '2026-05-18', 'COMPLETED', 'COMPLETED', NULL, NULL, '2026-05-18 01:06:43', '2026-05-18 01:06:43', '2026-05-18 08:23:01'),
	(88, 'SRV-2026-0088', 1, 1, 'BP', 'SERVICE', '2026-05-18', 'COMPLETED', 'COMPLETED', NULL, NULL, '2026-05-18 08:32:06', '2026-05-18 08:32:06', '2026-05-18 08:33:28'),
	(89, 'MAT-2026-0089', 1, 1, 'BP', 'MATERIAL', '2026-05-19', 'PENDING', 'MDM Business Unit', NULL, NULL, '2026-05-19 03:41:06', '2026-05-19 03:41:06', '2026-05-19 03:41:06'),
	(90, 'MAT-2026-0090', 1, 1, 'BP', 'MATERIAL', '2026-05-19', 'PENDING', 'MDM Business Unit', NULL, NULL, '2026-05-19 03:43:54', '2026-05-19 03:43:54', '2026-05-19 03:43:54'),
	(91, 'MAT-2026-0091', 1, 1, 'BP', 'MATERIAL', '2026-05-19', 'COMPLETED', 'COMPLETED', NULL, NULL, '2026-05-19 03:50:16', '2026-05-19 03:50:16', '2026-05-19 04:41:16'),
	(92, 'MAT-2026-0092', 1, 1, 'BP', 'MATERIAL', '2026-05-19', 'PENDING', 'MDM Business Unit', NULL, NULL, '2026-05-19 03:56:15', '2026-05-19 03:56:15', '2026-05-19 03:56:15'),
	(93, 'MAT-2026-0093', 1, 1, 'BP', 'MATERIAL', '2026-05-19', 'COMPLETED', 'COMPLETED', NULL, NULL, '2026-05-19 04:00:58', '2026-05-19 04:00:58', '2026-05-19 04:06:16'),
	(94, 'MAT-2026-0094', 6, 2, 'manajement', 'MATERIAL', '2026-05-19', 'COMPLETED', 'COMPLETED', NULL, NULL, '2026-05-19 04:02:36', '2026-05-19 04:02:36', '2026-05-21 03:33:48'),
	(95, 'MAT-2026-0095', 1, 1, 'BP', 'MATERIAL', '2026-05-19', 'COMPLETED', 'COMPLETED', NULL, NULL, '2026-05-19 04:11:56', '2026-05-19 04:11:56', '2026-05-19 04:19:30'),
	(96, 'SRV-2026-0096', 1, 1, 'BP', 'SERVICE', '2026-05-19', 'COMPLETED', 'COMPLETED', NULL, NULL, '2026-05-19 09:05:01', '2026-05-19 09:05:01', '2026-05-19 09:07:44');

-- membuang struktur untuk table mdm_portal.role
CREATE TABLE IF NOT EXISTS `role` (
  `id` int NOT NULL AUTO_INCREMENT,
  `nama_role` varchar(50) DEFAULT NULL,
  PRIMARY KEY (`id`)
) ENGINE=InnoDB AUTO_INCREMENT=6 DEFAULT CHARSET=latin1;

-- Membuang data untuk tabel mdm_portal.role: ~5 rows (lebih kurang)
INSERT INTO `role` (`id`, `nama_role`) VALUES
	(1, 'Requestor'),
	(2, 'MDM Business Unit'),
	(3, 'Direct Manager'),
	(4, 'BPO Local'),
	(5, 'MDM Global');

-- membuang struktur untuk table mdm_portal.service
CREATE TABLE IF NOT EXISTS `service` (
  `service_number` varchar(50) NOT NULL,
  `description` varchar(255) NOT NULL,
  `uom` varchar(20) NOT NULL,
  `service_group` varchar(100) NOT NULL,
  `service_category` varchar(100) NOT NULL,
  `valuation_class` varchar(10) DEFAULT NULL,
  `remarks` text,
  `source_request_id` int DEFAULT NULL,
  `mig_counter` varchar(30) DEFAULT NULL,
  `created_at` timestamp NOT NULL DEFAULT CURRENT_TIMESTAMP,
  `updated_at` timestamp NOT NULL DEFAULT CURRENT_TIMESTAMP ON UPDATE CURRENT_TIMESTAMP,
  `image_url` varchar(255) DEFAULT NULL,
  PRIMARY KEY (`service_number`),
  KEY `fk_svc_request` (`source_request_id`),
  CONSTRAINT `fk_svc_request` FOREIGN KEY (`source_request_id`) REFERENCES `request_header` (`id`)
) ENGINE=InnoDB DEFAULT CHARSET=latin1;

-- Membuang data untuk tabel mdm_portal.service: ~3 rows (lebih kurang)
INSERT INTO `service` (`service_number`, `description`, `uom`, `service_group`, `service_category`, `valuation_class`, `remarks`, `source_request_id`, `mig_counter`, `created_at`, `updated_at`, `image_url`) VALUES
	('', 'SEAL SHAFT', 'ggggggg', 'EA', 'Z001-ADARO', 'S005', 'i', 88, NULL, '2026-05-18 08:33:28', '2026-05-18 08:33:28', NULL),
	('111111', 'TRANSFER GEAR', 'aaaaaaaaaaaaaaaa', '', '', '', '', 84, NULL, '2026-05-12 09:59:35', '2026-05-12 09:59:35', NULL),
	('72154501', 'REAR SUSPENSION_ROD SURFACE RPR SVC', '', '', 'Z001-ATRI', 'S009', '', 96, NULL, '2026-05-19 09:07:44', '2026-05-19 09:07:44', NULL);

-- membuang struktur untuk table mdm_portal.theme
CREATE TABLE IF NOT EXISTS `theme` (
  `id` int NOT NULL AUTO_INCREMENT,
  `company_id` int DEFAULT NULL,
  `fungsi` varchar(50) DEFAULT NULL,
  `warna` varchar(20) DEFAULT NULL,
  PRIMARY KEY (`id`),
  KEY `company_id` (`company_id`),
  CONSTRAINT `theme_ibfk_1` FOREIGN KEY (`company_id`) REFERENCES `company` (`id`)
) ENGINE=InnoDB AUTO_INCREMENT=35 DEFAULT CHARSET=latin1;

-- Membuang data untuk tabel mdm_portal.theme: ~34 rows (lebih kurang)
INSERT INTO `theme` (`id`, `company_id`, `fungsi`, `warna`) VALUES
	(1, 1, 'navbar', '#043952'),
	(2, 1, 'logo_material', '#2B7598'),
	(3, 1, 'btn_search_material', '#2B7598'),
	(4, 1, 'logo_service', '#E89646'),
	(5, 1, 'btn_service', '#E89646'),
	(6, 1, 'logo_vendor', '#9E8652'),
	(7, 1, 'btn_vendor', '#9E8652'),
	(8, 1, 'request_type', '#7D8863'),
	(9, 1, 'btn_primary', '#13848C'),
	(10, 1, 'btn_edit', '#E89646'),
	(11, 1, 'btn_approve', '#13848C'),
	(12, 1, 'btn_reject', '#B91F1F'),
	(13, 1, 'btn_extend', '#2B7598'),
	(14, 1, 'status_pending', '#F2F2A3'),
	(15, 1, 'status_active', '#ACF2A3'),
	(16, 1, 'table_header', '#E6F0F5'),
	(17, 2, 'navbar', '#00664A'),
	(18, 2, 'logo_material', '#0E8867'),
	(19, 2, 'btn_search_material', '#0E8867'),
	(20, 2, 'logo_service', '#7EB442'),
	(21, 2, 'btn_service', '#7EB442'),
	(22, 2, 'logo_vendor', '#E2DC3C'),
	(23, 2, 'btn_vendor', '#E2DC3C'),
	(24, 2, 'request_type', '#7D8863'),
	(25, 2, 'btn_primary', '#28A745'),
	(26, 2, 'btn_edit', '#E89646'),
	(27, 2, 'btn_approve', '#28A745'),
	(28, 2, 'btn_reject', '#B91F1F'),
	(29, 2, 'btn_extend', '#117729'),
	(30, 2, 'status_pending', '#F2F2A3'),
	(31, 2, 'status_active', '#ACF2A3'),
	(32, 2, 'table_header', '#E6F5EC'),
	(33, 1, 'alert', '#D30000'),
	(34, 2, 'alert', '#D30000');

-- membuang struktur untuk table mdm_portal.users
CREATE TABLE IF NOT EXISTS `users` (
  `id` int NOT NULL AUTO_INCREMENT,
  `nama` varchar(100) DEFAULT NULL,
  `email` varchar(100) DEFAULT NULL,
  `departemen` varchar(100) DEFAULT NULL,
  `password` varchar(100) DEFAULT NULL,
  `company_id` int DEFAULT NULL,
  `role_id` int DEFAULT NULL,
  PRIMARY KEY (`id`),
  KEY `company_id` (`company_id`),
  KEY `role_id` (`role_id`),
  CONSTRAINT `users_ibfk_1` FOREIGN KEY (`company_id`) REFERENCES `company` (`id`),
  CONSTRAINT `users_ibfk_2` FOREIGN KEY (`role_id`) REFERENCES `role` (`id`)
) ENGINE=InnoDB AUTO_INCREMENT=12 DEFAULT CHARSET=latin1;

-- Membuang data untuk tabel mdm_portal.users: ~10 rows (lebih kurang)
INSERT INTO `users` (`id`, `nama`, `email`, `departemen`, `password`, `company_id`, `role_id`) VALUES
	(1, 'andi', 'sydel.hv@gmail.com', 'BP', '123456', 1, 1),
	(2, 'auvia', 'sydel016@gmail.com', 'a', '123', 1, 2),
	(3, 'sydel', 'sydelvaniafx2@gmail.com', 'it', '123', 1, 3),
	(4, 'pak zulham', 'academicinsight29@gmail.com', 'it & bp', '123', 1, 4),
	(5, 'vania', 'global@gmail.com', 'MDM', '123', 1, 5),
	(6, 'dini', 'req@adaro.com', 'manajement', '123', 2, 1),
	(7, 'sasa', 'mdmbu@adaro.com', NULL, '123', 2, 2),
	(8, 'Manager Adaro', 'manager@adaro.com', NULL, '123', 2, 3),
	(9, 'BPO Adaro', 'bpo@adaro.com', NULL, '123', 2, 4),
	(10, 'MDM Global Adaro', 'global@adaro.com', NULL, '123', 2, 5);

/*!40103 SET TIME_ZONE=IFNULL(@OLD_TIME_ZONE, 'system') */;
/*!40101 SET SQL_MODE=IFNULL(@OLD_SQL_MODE, '') */;
/*!40014 SET FOREIGN_KEY_CHECKS=IFNULL(@OLD_FOREIGN_KEY_CHECKS, 1) */;
/*!40101 SET CHARACTER_SET_CLIENT=@OLD_CHARACTER_SET_CLIENT */;
/*!40111 SET SQL_NOTES=IFNULL(@OLD_SQL_NOTES, 1) */;
